DNS Performance Testing Tool
Version 2.14.0

[Status] Command line: dnsperf -s 20.166.33.141 -p 53 -d /results/dnsperf-queries.txt -l 1200 -Q 1000 -q 2000 -t 2 -D
[Status] Sending queries (to 20.166.33.141:53)
[Status] Started at: Sun Sep 13 08:33:24 2026
[Status] Stopping after 1200.000000 seconds
[Timeout] Query timed out: msg id 4002
[Timeout] Query timed out: msg id 4003
[Timeout] Query timed out: msg id 4004
[Timeout] Query timed out: msg id 4367
[Timeout] Query timed out: msg id 4368
[Timeout] Query timed out: msg id 4369
[Timeout] Query timed out: msg id 4370
[Timeout] Query timed out: msg id 4371
[Timeout] Query timed out: msg id 4372
[Timeout] Query timed out: msg id 4373
[Timeout] Query timed out: msg id 4374
[Timeout] Query timed out: msg id 4375
[Timeout] Query timed out: msg id 4376
[Timeout] Query timed out: msg id 4377
[Timeout] Query timed out: msg id 4378
[Timeout] Query timed out: msg id 4379
[Timeout] Query timed out: msg id 4380
[Timeout] Query timed out: msg id 5225
[Timeout] Query timed out: msg id 5412
[Timeout] Query timed out: msg id 5413
[Timeout] Query timed out: msg id 5414
[Timeout] Query timed out: msg id 5415
[Timeout] Query timed out: msg id 5416
[Timeout] Query timed out: msg id 5417
[Timeout] Query timed out: msg id 5418
[Timeout] Query timed out: msg id 5419
[Timeout] Query timed out: msg id 5420
[Timeout] Query timed out: msg id 5421
[Timeout] Query timed out: msg id 5422
[Timeout] Query timed out: msg id 5423
[Timeout] Query timed out: msg id 5424
[Timeout] Query timed out: msg id 5425
[Timeout] Query timed out: msg id 5426
[Timeout] Query timed out: msg id 6985
[Timeout] Query timed out: msg id 6986
[Timeout] Query timed out: msg id 6987
[Timeout] Query timed out: msg id 6988
[Timeout] Query timed out: msg id 6989
[Timeout] Query timed out: msg id 6990
[Timeout] Query timed out: msg id 6991
[Timeout] Query timed out: msg id 6992
[Timeout] Query timed out: msg id 6993
[Timeout] Query timed out: msg id 6994
[Timeout] Query timed out: msg id 6995
[Timeout] Query timed out: msg id 6996
[Timeout] Query timed out: msg id 6997
[Timeout] Query timed out: msg id 6998
[Timeout] Query timed out: msg id 6999
[Timeout] Query timed out: msg id 7000
[Timeout] Query timed out: msg id 7001
[Timeout] Query timed out: msg id 7518
[Timeout] Query timed out: msg id 7519
[Timeout] Query timed out: msg id 7520
[Timeout] Query timed out: msg id 7521
[Timeout] Query timed out: msg id 7522
[Timeout] Query timed out: msg id 7523
[Timeout] Query timed out: msg id 7524
[Timeout] Query timed out: msg id 7525
[Timeout] Query timed out: msg id 7526
[Timeout] Query timed out: msg id 9089
[Timeout] Query timed out: msg id 9090
[Timeout] Query timed out: msg id 9091
[Timeout] Query timed out: msg id 9092
[Timeout] Query timed out: msg id 9093
[Timeout] Query timed out: msg id 9094
[Timeout] Query timed out: msg id 9095
[Timeout] Query timed out: msg id 9096
[Timeout] Query timed out: msg id 9097
[Timeout] Query timed out: msg id 9098
[Timeout] Query timed out: msg id 9099
[Timeout] Query timed out: msg id 9100
[Timeout] Query timed out: msg id 10133
[Timeout] Query timed out: msg id 10134
[Timeout] Query timed out: msg id 10135
[Timeout] Query timed out: msg id 10136
[Timeout] Query timed out: msg id 10137
[Timeout] Query timed out: msg id 10138
[Timeout] Query timed out: msg id 10139
[Timeout] Query timed out: msg id 10140
[Timeout] Query timed out: msg id 10141
[Timeout] Query timed out: msg id 10142
[Timeout] Query timed out: msg id 10143
[Timeout] Query timed out: msg id 10144
[Timeout] Query timed out: msg id 10145
[Timeout] Query timed out: msg id 10146
[Timeout] Query timed out: msg id 10147
[Timeout] Query timed out: msg id 10148
[Timeout] Query timed out: msg id 11182
[Timeout] Query timed out: msg id 11183
[Timeout] Query timed out: msg id 11184
[Timeout] Query timed out: msg id 11185
[Timeout] Query timed out: msg id 11186
[Timeout] Query timed out: msg id 11187
[Timeout] Query timed out: msg id 11188
[Timeout] Query timed out: msg id 11189
[Timeout] Query timed out: msg id 11190
[Timeout] Query timed out: msg id 11191
[Timeout] Query timed out: msg id 11192
[Timeout] Query timed out: msg id 11193
[Timeout] Query timed out: msg id 11194
[Timeout] Query timed out: msg id 11195
[Timeout] Query timed out: msg id 11196
[Timeout] Query timed out: msg id 11197
[Timeout] Query timed out: msg id 12241
[Timeout] Query timed out: msg id 12242
[Timeout] Query timed out: msg id 12243
[Timeout] Query timed out: msg id 12244
[Timeout] Query timed out: msg id 12245
[Timeout] Query timed out: msg id 12246
[Timeout] Query timed out: msg id 12247
[Timeout] Query timed out: msg id 12757
[Timeout] Query timed out: msg id 12758
[Timeout] Query timed out: msg id 12759
[Timeout] Query timed out: msg id 12760
[Timeout] Query timed out: msg id 12761
[Timeout] Query timed out: msg id 12762
[Timeout] Query timed out: msg id 12763
[Timeout] Query timed out: msg id 12764
[Timeout] Query timed out: msg id 12765
[Timeout] Query timed out: msg id 12766
[Timeout] Query timed out: msg id 12767
[Timeout] Query timed out: msg id 12768
[Timeout] Query timed out: msg id 12769
[Timeout] Query timed out: msg id 12770
[Timeout] Query timed out: msg id 13053
[Timeout] Query timed out: msg id 13056
[Timeout] Query timed out: msg id 13059
[Timeout] Query timed out: msg id 13060
[Timeout] Query timed out: msg id 13278
[Timeout] Query timed out: msg id 13279
[Timeout] Query timed out: msg id 13280
[Timeout] Query timed out: msg id 13281
[Timeout] Query timed out: msg id 13282
[Timeout] Query timed out: msg id 13283
[Timeout] Query timed out: msg id 13284
[Timeout] Query timed out: msg id 13285
[Timeout] Query timed out: msg id 17472
[Timeout] Query timed out: msg id 17473
[Timeout] Query timed out: msg id 17474
[Timeout] Query timed out: msg id 17475
[Timeout] Query timed out: msg id 18008
[Timeout] Query timed out: msg id 18009
[Timeout] Query timed out: msg id 18010
[Timeout] Query timed out: msg id 18011
[Timeout] Query timed out: msg id 18012
[Timeout] Query timed out: msg id 18013
[Timeout] Query timed out: msg id 21142
[Timeout] Query timed out: msg id 21143
[Timeout] Query timed out: msg id 21144
[Timeout] Query timed out: msg id 21145
[Timeout] Query timed out: msg id 21146
[Timeout] Query timed out: msg id 21147
[Timeout] Query timed out: msg id 21148
[Timeout] Query timed out: msg id 21149
[Timeout] Query timed out: msg id 21667
[Timeout] Query timed out: msg id 21668
[Timeout] Query timed out: msg id 21669
[Timeout] Query timed out: msg id 21670
[Timeout] Query timed out: msg id 21671
[Timeout] Query timed out: msg id 21672
[Timeout] Query timed out: msg id 21673
[Timeout] Query timed out: msg id 21674
[Timeout] Query timed out: msg id 21675
[Timeout] Query timed out: msg id 21676
[Timeout] Query timed out: msg id 21677
[Timeout] Query timed out: msg id 21678
[Timeout] Query timed out: msg id 21679
[Timeout] Query timed out: msg id 21680
[Timeout] Query timed out: msg id 21681
[Timeout] Query timed out: msg id 21682
[Timeout] Query timed out: msg id 21683
[Timeout] Query timed out: msg id 23766
[Timeout] Query timed out: msg id 23767
[Timeout] Query timed out: msg id 23768
[Timeout] Query timed out: msg id 23769
[Timeout] Query timed out: msg id 23770
[Timeout] Query timed out: msg id 23771
[Timeout] Query timed out: msg id 23772
[Timeout] Query timed out: msg id 23773
[Timeout] Query timed out: msg id 23774
[Timeout] Query timed out: msg id 23775
[Timeout] Query timed out: msg id 23776
[Timeout] Query timed out: msg id 23777
[Timeout] Query timed out: msg id 23778
[Timeout] Query timed out: msg id 23779
[Timeout] Query timed out: msg id 23780
[Timeout] Query timed out: msg id 23781
[Timeout] Query timed out: msg id 23782
[Timeout] Query timed out: msg id 23783
[Timeout] Query timed out: msg id 23784
[Timeout] Query timed out: msg id 23785
[Timeout] Query timed out: msg id 24813
[Timeout] Query timed out: msg id 24814
[Timeout] Query timed out: msg id 24815
[Timeout] Query timed out: msg id 24816
[Timeout] Query timed out: msg id 24817
[Timeout] Query timed out: msg id 24818
[Timeout] Query timed out: msg id 24819
[Timeout] Query timed out: msg id 24820
[Timeout] Query timed out: msg id 24821
[Timeout] Query timed out: msg id 24822
[Timeout] Query timed out: msg id 24823
[Timeout] Query timed out: msg id 24824
[Timeout] Query timed out: msg id 24825
[Timeout] Query timed out: msg id 24826
[Timeout] Query timed out: msg id 24827
[Timeout] Query timed out: msg id 26022
[Timeout] Query timed out: msg id 26023
[Timeout] Query timed out: msg id 26024
[Timeout] Query timed out: msg id 26025
[Timeout] Query timed out: msg id 26026
[Timeout] Query timed out: msg id 27064
[Timeout] Query timed out: msg id 27065
[Timeout] Query timed out: msg id 27066
[Timeout] Query timed out: msg id 27067
[Timeout] Query timed out: msg id 27068
[Timeout] Query timed out: msg id 27069
[Timeout] Query timed out: msg id 27070
[Timeout] Query timed out: msg id 27071
[Timeout] Query timed out: msg id 27072
[Timeout] Query timed out: msg id 27073
[Timeout] Query timed out: msg id 27074
[Timeout] Query timed out: msg id 27075
[Timeout] Query timed out: msg id 27076
[Timeout] Query timed out: msg id 27077
[Timeout] Query timed out: msg id 28484
[Timeout] Query timed out: msg id 28485
[Timeout] Query timed out: msg id 28486
[Timeout] Query timed out: msg id 28487
[Timeout] Query timed out: msg id 28488
[Timeout] Query timed out: msg id 28489
[Timeout] Query timed out: msg id 28490
[Timeout] Query timed out: msg id 28491
[Timeout] Query timed out: msg id 28492
[Timeout] Query timed out: msg id 28493
[Timeout] Query timed out: msg id 29003
[Timeout] Query timed out: msg id 29004
[Timeout] Query timed out: msg id 31105
[Timeout] Query timed out: msg id 31106
[Timeout] Query timed out: msg id 31107
[Timeout] Query timed out: msg id 31108
[Timeout] Query timed out: msg id 31109
[Timeout] Query timed out: msg id 31110
[Timeout] Query timed out: msg id 31111
[Timeout] Query timed out: msg id 31112
[Timeout] Query timed out: msg id 31113
[Timeout] Query timed out: msg id 31114
[Timeout] Query timed out: msg id 31115
[Timeout] Query timed out: msg id 31116
[Timeout] Query timed out: msg id 31117
[Timeout] Query timed out: msg id 31630
[Timeout] Query timed out: msg id 31631
[Timeout] Query timed out: msg id 31632
[Timeout] Query timed out: msg id 31633
[Timeout] Query timed out: msg id 31634
[Timeout] Query timed out: msg id 31635
[Timeout] Query timed out: msg id 31636
[Timeout] Query timed out: msg id 31637
[Timeout] Query timed out: msg id 31638
[Timeout] Query timed out: msg id 31639
[Timeout] Query timed out: msg id 31640
[Timeout] Query timed out: msg id 31641
[Timeout] Query timed out: msg id 31642
[Timeout] Query timed out: msg id 31643
[Timeout] Query timed out: msg id 31644
[Timeout] Query timed out: msg id 32833
[Timeout] Query timed out: msg id 32834
[Timeout] Query timed out: msg id 32835
[Timeout] Query timed out: msg id 32836
[Timeout] Query timed out: msg id 32837
[Timeout] Query timed out: msg id 32838
[Timeout] Query timed out: msg id 32839
[Timeout] Query timed out: msg id 32840
[Timeout] Query timed out: msg id 32841
[Timeout] Query timed out: msg id 32842
[Timeout] Query timed out: msg id 32843
[Timeout] Query timed out: msg id 33727
[Timeout] Query timed out: msg id 33728
[Timeout] Query timed out: msg id 33729
[Timeout] Query timed out: msg id 33730
[Timeout] Query timed out: msg id 33731
[Timeout] Query timed out: msg id 33732
[Timeout] Query timed out: msg id 33733
[Timeout] Query timed out: msg id 33734
[Timeout] Query timed out: msg id 33735
[Timeout] Query timed out: msg id 33736
[Timeout] Query timed out: msg id 33737
[Timeout] Query timed out: msg id 33738
[Timeout] Query timed out: msg id 33739
[Timeout] Query timed out: msg id 33740
[Timeout] Query timed out: msg id 33741
[Timeout] Query timed out: msg id 37191
[Timeout] Query timed out: msg id 37192
[Timeout] Query timed out: msg id 37195
[Timeout] Query timed out: msg id 37197
[Timeout] Query timed out: msg id 37198
[Timeout] Query timed out: msg id 37202
[Timeout] Query timed out: msg id 37203
[Timeout] Query timed out: msg id 37304
[Timeout] Query timed out: msg id 37306
[Timeout] Query timed out: msg id 37922
[Timeout] Query timed out: msg id 37923
[Timeout] Query timed out: msg id 37924
[Timeout] Query timed out: msg id 37925
[Timeout] Query timed out: msg id 37926
[Timeout] Query timed out: msg id 38441
[Timeout] Query timed out: msg id 38971
[Timeout] Query timed out: msg id 38972
[Timeout] Query timed out: msg id 38973
[Timeout] Query timed out: msg id 38974
[Timeout] Query timed out: msg id 38975
[Timeout] Query timed out: msg id 38976
[Timeout] Query timed out: msg id 38977
[Timeout] Query timed out: msg id 38978
[Timeout] Query timed out: msg id 38979
[Timeout] Query timed out: msg id 38980
[Timeout] Query timed out: msg id 38981
[Timeout] Query timed out: msg id 38982
[Timeout] Query timed out: msg id 38983
[Timeout] Query timed out: msg id 42115
[Timeout] Query timed out: msg id 42116
[Timeout] Query timed out: msg id 42117
[Timeout] Query timed out: msg id 42118
[Timeout] Query timed out: msg id 42119
[Timeout] Query timed out: msg id 42120
[Timeout] Query timed out: msg id 42121
[Timeout] Query timed out: msg id 42122
[Timeout] Query timed out: msg id 42123
[Timeout] Query timed out: msg id 42124
[Timeout] Query timed out: msg id 42125
[Timeout] Query timed out: msg id 42126
[Timeout] Query timed out: msg id 42127
[Timeout] Query timed out: msg id 42128
[Timeout] Query timed out: msg id 42129
[Timeout] Query timed out: msg id 42130
[Timeout] Query timed out: msg id 42131
[Timeout] Query timed out: msg id 42132
[Timeout] Query timed out: msg id 42649
[Timeout] Query timed out: msg id 42650
[Timeout] Query timed out: msg id 42651
[Timeout] Query timed out: msg id 42652
[Timeout] Query timed out: msg id 45240
[Timeout] Query timed out: msg id 45243
[Timeout] Query timed out: msg id 46834
[Timeout] Query timed out: msg id 46835
[Timeout] Query timed out: msg id 46836
[Timeout] Query timed out: msg id 46837
[Timeout] Query timed out: msg id 46838
[Timeout] Query timed out: msg id 46839
[Timeout] Query timed out: msg id 46840
[Timeout] Query timed out: msg id 46841
[Timeout] Query timed out: msg id 46842
[Timeout] Query timed out: msg id 46843
[Timeout] Query timed out: msg id 46844
[Timeout] Query timed out: msg id 46845
[Timeout] Query timed out: msg id 46846
[Timeout] Query timed out: msg id 46847
[Timeout] Query timed out: msg id 46848
[Timeout] Query timed out: msg id 46849
[Timeout] Query timed out: msg id 46850
[Timeout] Query timed out: msg id 46851
[Timeout] Query timed out: msg id 47357
[Timeout] Query timed out: msg id 47358
[Timeout] Query timed out: msg id 47359
[Timeout] Query timed out: msg id 47609
[Timeout] Query timed out: msg id 47610
[Timeout] Query timed out: msg id 47611
[Timeout] Query timed out: msg id 47636
[Timeout] Query timed out: msg id 47638
[Timeout] Query timed out: msg id 47639
[Timeout] Query timed out: msg id 49454
[Timeout] Query timed out: msg id 53126
[Timeout] Query timed out: msg id 53127
[Timeout] Query timed out: msg id 53128
[Timeout] Query timed out: msg id 53129
[Timeout] Query timed out: msg id 53130
[Timeout] Query timed out: msg id 53131
[Timeout] Query timed out: msg id 53217
[Timeout] Query timed out: msg id 53220
[Timeout] Query timed out: msg id 53221
[Timeout] Query timed out: msg id 53222
[Timeout] Query timed out: msg id 53226
[Timeout] Query timed out: msg id 53230
[Timeout] Query timed out: msg id 53233
[Timeout] Query timed out: msg id 53234
[Timeout] Query timed out: msg id 53236
[Timeout] Query timed out: msg id 53239
[Timeout] Query timed out: msg id 53240
[Timeout] Query timed out: msg id 53241
[Timeout] Query timed out: msg id 53242
[Timeout] Query timed out: msg id 53244
[Timeout] Query timed out: msg id 53249
[Timeout] Query timed out: msg id 53250
[Timeout] Query timed out: msg id 53255
[Timeout] Query timed out: msg id 53256
[Timeout] Query timed out: msg id 53257
[Timeout] Query timed out: msg id 53258
[Timeout] Query timed out: msg id 53261
[Timeout] Query timed out: msg id 53262
[Timeout] Query timed out: msg id 53263
[Timeout] Query timed out: msg id 53266
[Timeout] Query timed out: msg id 53268
[Timeout] Query timed out: msg id 53275
[Timeout] Query timed out: msg id 53276
[Timeout] Query timed out: msg id 53279
[Timeout] Query timed out: msg id 53280
[Timeout] Query timed out: msg id 53281
[Timeout] Query timed out: msg id 53282
[Timeout] Query timed out: msg id 53287
[Timeout] Query timed out: msg id 53291
[Timeout] Query timed out: msg id 53416
[Timeout] Query timed out: msg id 53649
[Timeout] Query timed out: msg id 53650
[Timeout] Query timed out: msg id 53651
[Timeout] Query timed out: msg id 53652
[Timeout] Query timed out: msg id 53653
[Timeout] Query timed out: msg id 53654
[Timeout] Query timed out: msg id 53655
[Timeout] Query timed out: msg id 53656
[Timeout] Query timed out: msg id 53657
[Timeout] Query timed out: msg id 53658
[Timeout] Query timed out: msg id 53659
[Timeout] Query timed out: msg id 53660
[Timeout] Query timed out: msg id 53661
[Timeout] Query timed out: msg id 53662
[Timeout] Query timed out: msg id 53663
[Timeout] Query timed out: msg id 53664
[Timeout] Query timed out: msg id 53665
[Timeout] Query timed out: msg id 55222
[Timeout] Query timed out: msg id 55223
[Timeout] Query timed out: msg id 55224
[Timeout] Query timed out: msg id 55225
[Timeout] Query timed out: msg id 55226
[Timeout] Query timed out: msg id 55227
[Timeout] Query timed out: msg id 55228
[Timeout] Query timed out: msg id 55229
[Timeout] Query timed out: msg id 55230
[Timeout] Query timed out: msg id 55231
[Timeout] Query timed out: msg id 55232
[Timeout] Query timed out: msg id 55233
[Timeout] Query timed out: msg id 55234
[Timeout] Query timed out: msg id 55235
[Timeout] Query timed out: msg id 55236
[Timeout] Query timed out: msg id 55237
[Timeout] Query timed out: msg id 59436
[Timeout] Query timed out: msg id 59437
[Timeout] Query timed out: msg id 61337
[Timeout] Query timed out: msg id 61340
[Timeout] Query timed out: msg id 61342
[Timeout] Query timed out: msg id 61344
[Timeout] Query timed out: msg id 61347
[Timeout] Query timed out: msg id 61349
[Timeout] Query timed out: msg id 61463
[Timeout] Query timed out: msg id 61464
[Timeout] Query timed out: msg id 61465
[Timeout] Query timed out: msg id 61466
[Timeout] Query timed out: msg id 61467
[Timeout] Query timed out: msg id 61468
[Timeout] Query timed out: msg id 61469
[Timeout] Query timed out: msg id 61521
[Timeout] Query timed out: msg id 61522
[Timeout] Query timed out: msg id 62708
[Timeout] Query timed out: msg id 62709
[Timeout] Query timed out: msg id 62710
[Timeout] Query timed out: msg id 62711
[Timeout] Query timed out: msg id 62712
[Timeout] Query timed out: msg id 62713
[Timeout] Query timed out: msg id 62714
[Timeout] Query timed out: msg id 62715
[Timeout] Query timed out: msg id 62716
[Timeout] Query timed out: msg id 62717
[Timeout] Query timed out: msg id 62718
[Timeout] Query timed out: msg id 62719
[Timeout] Query timed out: msg id 62720
[Timeout] Query timed out: msg id 62721
[Timeout] Query timed out: msg id 62722
[Timeout] Query timed out: msg id 62723
[Timeout] Query timed out: msg id 62724
[Timeout] Query timed out: msg id 62725
[Timeout] Query timed out: msg id 62726
[Timeout] Query timed out: msg id 62727
[Timeout] Query timed out: msg id 63100
[Timeout] Query timed out: msg id 63101
[Timeout] Query timed out: msg id 63102
[Timeout] Query timed out: msg id 63103
[Timeout] Query timed out: msg id 63608
[Timeout] Query timed out: msg id 63609
[Timeout] Query timed out: msg id 63610
[Timeout] Query timed out: msg id 63611
[Timeout] Query timed out: msg id 63612
[Timeout] Query timed out: msg id 63613
[Timeout] Query timed out: msg id 63614
[Timeout] Query timed out: msg id 63615
[Timeout] Query timed out: msg id 63616
[Timeout] Query timed out: msg id 63617
[Timeout] Query timed out: msg id 695
[Timeout] Query timed out: msg id 696
[Timeout] Query timed out: msg id 697
[Timeout] Query timed out: msg id 3462
[Timeout] Query timed out: msg id 3463
[Timeout] Query timed out: msg id 3464
[Timeout] Query timed out: msg id 3465
[Timeout] Query timed out: msg id 3466
[Timeout] Query timed out: msg id 3467
[Timeout] Query timed out: msg id 3468
[Timeout] Query timed out: msg id 3469
[Timeout] Query timed out: msg id 3470
[Timeout] Query timed out: msg id 3471
[Timeout] Query timed out: msg id 3472
[Timeout] Query timed out: msg id 3473
[Timeout] Query timed out: msg id 3474
[Timeout] Query timed out: msg id 3475
[Timeout] Query timed out: msg id 3476
[Timeout] Query timed out: msg id 3477
[Timeout] Query timed out: msg id 3478
[Timeout] Query timed out: msg id 3479
[Timeout] Query timed out: msg id 3480
[Timeout] Query timed out: msg id 3481
[Timeout] Query timed out: msg id 3847
[Timeout] Query timed out: msg id 3848
[Timeout] Query timed out: msg id 3853
[Timeout] Query timed out: msg id 3987
[Timeout] Query timed out: msg id 3988
[Timeout] Query timed out: msg id 3989
[Timeout] Query timed out: msg id 3990
[Timeout] Query timed out: msg id 3991
[Timeout] Query timed out: msg id 3992
[Timeout] Query timed out: msg id 3993
[Timeout] Query timed out: msg id 3994
[Timeout] Query timed out: msg id 3995
[Timeout] Query timed out: msg id 3996
[Timeout] Query timed out: msg id 3997
[Timeout] Query timed out: msg id 3998
[Timeout] Query timed out: msg id 3999
[Timeout] Query timed out: msg id 4000
[Timeout] Query timed out: msg id 4001
[Timeout] Query timed out: msg id 4005
[Timeout] Query timed out: msg id 4006
[Timeout] Query timed out: msg id 4007
[Timeout] Query timed out: msg id 4008
[Timeout] Query timed out: msg id 4009
[Timeout] Query timed out: msg id 4010
[Timeout] Query timed out: msg id 4381
[Timeout] Query timed out: msg id 4382
[Timeout] Query timed out: msg id 4383
[Timeout] Query timed out: msg id 4384
[Timeout] Query timed out: msg id 4385
[Timeout] Query timed out: msg id 4386
[Timeout] Query timed out: msg id 4387
[Timeout] Query timed out: msg id 4388
[Timeout] Query timed out: msg id 4389
[Timeout] Query timed out: msg id 4390
[Timeout] Query timed out: msg id 4391
[Timeout] Query timed out: msg id 4392
[Timeout] Query timed out: msg id 4393
[Timeout] Query timed out: msg id 4394
[Timeout] Query timed out: msg id 4395
[Timeout] Query timed out: msg id 4396
[Timeout] Query timed out: msg id 4397
[Timeout] Query timed out: msg id 4398
[Timeout] Query timed out: msg id 4399
[Timeout] Query timed out: msg id 4400
[Timeout] Query timed out: msg id 6479
[Timeout] Query timed out: msg id 6480
[Timeout] Query timed out: msg id 6481
[Timeout] Query timed out: msg id 6482
[Timeout] Query timed out: msg id 6483
[Timeout] Query timed out: msg id 6484
[Timeout] Query timed out: msg id 6485
[Timeout] Query timed out: msg id 6486
[Timeout] Query timed out: msg id 6487
[Timeout] Query timed out: msg id 6488
[Timeout] Query timed out: msg id 6489
[Timeout] Query timed out: msg id 6490
[Timeout] Query timed out: msg id 6491
[Timeout] Query timed out: msg id 6492
[Timeout] Query timed out: msg id 6493
[Timeout] Query timed out: msg id 6494
[Timeout] Query timed out: msg id 6495
[Timeout] Query timed out: msg id 9103
[Timeout] Query timed out: msg id 9104
[Timeout] Query timed out: msg id 9105
[Timeout] Query timed out: msg id 9106
[Timeout] Query timed out: msg id 11738
[Timeout] Query timed out: msg id 11739
[Timeout] Query timed out: msg id 11740
[Timeout] Query timed out: msg id 11741
[Timeout] Query timed out: msg id 11742
[Timeout] Query timed out: msg id 11743
[Timeout] Query timed out: msg id 11744
[Timeout] Query timed out: msg id 11745
[Timeout] Query timed out: msg id 11746
[Timeout] Query timed out: msg id 11747
[Timeout] Query timed out: msg id 11748
[Timeout] Query timed out: msg id 11749
[Timeout] Query timed out: msg id 11750
[Timeout] Query timed out: msg id 11751
[Timeout] Query timed out: msg id 11752
[Timeout] Query timed out: msg id 11753
[Timeout] Query timed out: msg id 11754
[Timeout] Query timed out: msg id 11755
[Timeout] Query timed out: msg id 11756
[Timeout] Query timed out: msg id 11757
[Timeout] Query timed out: msg id 11928
[Timeout] Query timed out: msg id 11930
[Timeout] Query timed out: msg id 11932
[Timeout] Query timed out: msg id 13319
[Timeout] Query timed out: msg id 13320
[Timeout] Query timed out: msg id 13321
[Timeout] Query timed out: msg id 13322
[Timeout] Query timed out: msg id 13323
[Timeout] Query timed out: msg id 13324
[Timeout] Query timed out: msg id 13325
[Timeout] Query timed out: msg id 13326
[Timeout] Query timed out: msg id 13327
[Timeout] Query timed out: msg id 13328
[Timeout] Query timed out: msg id 13329
[Timeout] Query timed out: msg id 13330
[Timeout] Query timed out: msg id 13331
[Timeout] Query timed out: msg id 13332
[Timeout] Query timed out: msg id 13333
[Timeout] Query timed out: msg id 16423
[Timeout] Query timed out: msg id 16424
[Timeout] Query timed out: msg id 16425
[Timeout] Query timed out: msg id 16426
[Timeout] Query timed out: msg id 16427
[Timeout] Query timed out: msg id 16428
[Timeout] Query timed out: msg id 16429
[Timeout] Query timed out: msg id 16430
[Timeout] Query timed out: msg id 16431
[Timeout] Query timed out: msg id 16432
[Timeout] Query timed out: msg id 16433
[Timeout] Query timed out: msg id 16434
[Timeout] Query timed out: msg id 16435
[Timeout] Query timed out: msg id 16436
[Timeout] Query timed out: msg id 16437
[Timeout] Query timed out: msg id 18160
[Timeout] Query timed out: msg id 18936
[Timeout] Query timed out: msg id 18938
[Timeout] Query timed out: msg id 18942
[Timeout] Query timed out: msg id 18943
[Timeout] Query timed out: msg id 18945
[Timeout] Query timed out: msg id 19080
[Timeout] Query timed out: msg id 19082
[Timeout] Query timed out: msg id 19723
[Timeout] Query timed out: msg id 19724
[Timeout] Query timed out: msg id 19725
[Timeout] Query timed out: msg id 19726
[Timeout] Query timed out: msg id 19727
[Timeout] Query timed out: msg id 22216
[Timeout] Query timed out: msg id 22217
[Timeout] Query timed out: msg id 22218
[Timeout] Query timed out: msg id 23256
[Timeout] Query timed out: msg id 23257
[Timeout] Query timed out: msg id 23258
[Timeout] Query timed out: msg id 23259
[Timeout] Query timed out: msg id 23260
[Timeout] Query timed out: msg id 23261
[Timeout] Query timed out: msg id 23262
[Timeout] Query timed out: msg id 23263
[Timeout] Query timed out: msg id 23264
[Timeout] Query timed out: msg id 23265
[Timeout] Query timed out: msg id 23266
[Timeout] Query timed out: msg id 23267
[Timeout] Query timed out: msg id 23268
[Timeout] Query timed out: msg id 23269
[Timeout] Query timed out: msg id 23270
[Timeout] Query timed out: msg id 23763
[Timeout] Query timed out: msg id 24308
[Timeout] Query timed out: msg id 24309
[Timeout] Query timed out: msg id 24310
[Timeout] Query timed out: msg id 24311
[Timeout] Query timed out: msg id 24312
[Timeout] Query timed out: msg id 24313
[Timeout] Query timed out: msg id 24314
[Timeout] Query timed out: msg id 24315
[Timeout] Query timed out: msg id 24316
[Timeout] Query timed out: msg id 24317
[Timeout] Query timed out: msg id 24318
[Timeout] Query timed out: msg id 24319
[Timeout] Query timed out: msg id 24320
[Timeout] Query timed out: msg id 24321
[Timeout] Query timed out: msg id 24322
[Timeout] Query timed out: msg id 24323
[Timeout] Query timed out: msg id 24864
[Timeout] Query timed out: msg id 24865
[Timeout] Query timed out: msg id 24866
[Timeout] Query timed out: msg id 24867
[Timeout] Query timed out: msg id 25376
[Timeout] Query timed out: msg id 25377
[Timeout] Query timed out: msg id 25378
[Timeout] Query timed out: msg id 25379
[Timeout] Query timed out: msg id 25380
[Timeout] Query timed out: msg id 25381
[Timeout] Query timed out: msg id 25382
[Timeout] Query timed out: msg id 25383
[Timeout] Query timed out: msg id 25384
[Timeout] Query timed out: msg id 25385
[Timeout] Query timed out: msg id 25386
[Timeout] Query timed out: msg id 25387
[Timeout] Query timed out: msg id 25388
[Timeout] Query timed out: msg id 25517
[Timeout] Query timed out: msg id 25518
[Timeout] Query timed out: msg id 25519
[Timeout] Query timed out: msg id 26552
[Timeout] Query timed out: msg id 26553
[Timeout] Query timed out: msg id 26554
[Timeout] Query timed out: msg id 26555
[Timeout] Query timed out: msg id 26556
[Timeout] Query timed out: msg id 26557
[Timeout] Query timed out: msg id 26558
[Timeout] Query timed out: msg id 26559
[Timeout] Query timed out: msg id 26560
[Timeout] Query timed out: msg id 26561
[Timeout] Query timed out: msg id 28002
[Timeout] Query timed out: msg id 28007
[Timeout] Query timed out: msg id 28008
[Timeout] Query timed out: msg id 28010
[Timeout] Query timed out: msg id 28013
[Timeout] Query timed out: msg id 28014
[Timeout] Query timed out: msg id 28065
[Timeout] Query timed out: msg id 28068
[Timeout] Query timed out: msg id 28071
[Timeout] Query timed out: msg id 28076
[Timeout] Query timed out: msg id 28077
[Timeout] Query timed out: msg id 28078
[Timeout] Query timed out: msg id 28079
[Timeout] Query timed out: msg id 28080
[Timeout] Query timed out: msg id 28082
[Timeout] Query timed out: msg id 28083
[Timeout] Query timed out: msg id 28084
[Timeout] Query timed out: msg id 28086
[Timeout] Query timed out: msg id 28087
[Timeout] Query timed out: msg id 28090
[Timeout] Query timed out: msg id 28095
[Timeout] Query timed out: msg id 28096
[Timeout] Query timed out: msg id 28098
[Timeout] Query timed out: msg id 28099
[Timeout] Query timed out: msg id 28101
[Timeout] Query timed out: msg id 28102
[Timeout] Query timed out: msg id 28103
[Timeout] Query timed out: msg id 28104
[Timeout] Query timed out: msg id 28105
[Timeout] Query timed out: msg id 28106
[Timeout] Query timed out: msg id 28107
[Timeout] Query timed out: msg id 28109
[Timeout] Query timed out: msg id 28112
[Timeout] Query timed out: msg id 28115
[Timeout] Query timed out: msg id 28116
[Timeout] Query timed out: msg id 28120
[Timeout] Query timed out: msg id 28121
[Timeout] Query timed out: msg id 28122
[Timeout] Query timed out: msg id 28125
[Timeout] Query timed out: msg id 28126
[Timeout] Query timed out: msg id 30580
[Timeout] Query timed out: msg id 30581
[Timeout] Query timed out: msg id 30582
[Timeout] Query timed out: msg id 30583
[Timeout] Query timed out: msg id 30584
[Timeout] Query timed out: msg id 30585
[Timeout] Query timed out: msg id 30586
[Timeout] Query timed out: msg id 30587
[Timeout] Query timed out: msg id 30588
[Timeout] Query timed out: msg id 30589
[Timeout] Query timed out: msg id 30590
[Timeout] Query timed out: msg id 30591
[Timeout] Query timed out: msg id 30592
[Timeout] Query timed out: msg id 30593
[Timeout] Query timed out: msg id 30594
[Timeout] Query timed out: msg id 30595
[Timeout] Query timed out: msg id 30596
[Timeout] Query timed out: msg id 30597
[Timeout] Query timed out: msg id 31654
[Timeout] Query timed out: msg id 31655
[Timeout] Query timed out: msg id 31656
[Timeout] Query timed out: msg id 31657
[Timeout] Query timed out: msg id 31658
[Timeout] Query timed out: msg id 31659
[Timeout] Query timed out: msg id 31660
[Timeout] Query timed out: msg id 31661
[Timeout] Query timed out: msg id 31662
[Timeout] Query timed out: msg id 31663
[Timeout] Query timed out: msg id 31664
[Timeout] Query timed out: msg id 31665
[Timeout] Query timed out: msg id 31666
[Timeout] Query timed out: msg id 31667
[Timeout] Query timed out: msg id 31668
[Timeout] Query timed out: msg id 31669
[Timeout] Query timed out: msg id 31670
[Timeout] Query timed out: msg id 31671
[Timeout] Query timed out: msg id 31672
[Timeout] Query timed out: msg id 32180
[Timeout] Query timed out: msg id 32181
[Timeout] Query timed out: msg id 32182
[Timeout] Query timed out: msg id 32183
[Timeout] Query timed out: msg id 32184
[Timeout] Query timed out: msg id 32185
[Timeout] Query timed out: msg id 32720
[Timeout] Query timed out: msg id 32721
[Timeout] Query timed out: msg id 32722
[Timeout] Query timed out: msg id 32723
[Timeout] Query timed out: msg id 33228
[Timeout] Query timed out: msg id 33229
[Timeout] Query timed out: msg id 33230
[Timeout] Query timed out: msg id 33231
[Timeout] Query timed out: msg id 33232
[Timeout] Query timed out: msg id 33233
[Timeout] Query timed out: msg id 33234
[Timeout] Query timed out: msg id 33235
[Timeout] Query timed out: msg id 33236
[Timeout] Query timed out: msg id 33237
[Timeout] Query timed out: msg id 34276
[Timeout] Query timed out: msg id 34277
[Timeout] Query timed out: msg id 34278
[Timeout] Query timed out: msg id 34279
[Timeout] Query timed out: msg id 34280
[Timeout] Query timed out: msg id 34281
[Timeout] Query timed out: msg id 34282
[Timeout] Query timed out: msg id 35832
[Timeout] Query timed out: msg id 35833
[Timeout] Query timed out: msg id 35834
[Timeout] Query timed out: msg id 35835
[Timeout] Query timed out: msg id 35836
[Timeout] Query timed out: msg id 35837
[Timeout] Query timed out: msg id 36030
[Timeout] Query timed out: msg id 36031
[Timeout] Query timed out: msg id 36348
[Timeout] Query timed out: msg id 36349
[Timeout] Query timed out: msg id 36350
[Timeout] Query timed out: msg id 36351
[Timeout] Query timed out: msg id 36352
[Timeout] Query timed out: msg id 36353
[Timeout] Query timed out: msg id 36354
[Timeout] Query timed out: msg id 36355
[Timeout] Query timed out: msg id 36356
[Timeout] Query timed out: msg id 36357
[Timeout] Query timed out: msg id 36358
[Timeout] Query timed out: msg id 36359
[Timeout] Query timed out: msg id 36360
[Timeout] Query timed out: msg id 36361
[Timeout] Query timed out: msg id 36362
[Timeout] Query timed out: msg id 36363
[Timeout] Query timed out: msg id 37407
[Timeout] Query timed out: msg id 37408
[Timeout] Query timed out: msg id 37409
[Timeout] Query timed out: msg id 37410
[Timeout] Query timed out: msg id 37411
[Timeout] Query timed out: msg id 37412
[Timeout] Query timed out: msg id 37413
[Timeout] Query timed out: msg id 37414
[Timeout] Query timed out: msg id 37415
[Timeout] Query timed out: msg id 37416
[Timeout] Query timed out: msg id 37417
[Timeout] Query timed out: msg id 37418
[Timeout] Query timed out: msg id 37419
[Timeout] Query timed out: msg id 37935
[Timeout] Query timed out: msg id 37936
[Timeout] Query timed out: msg id 37937
[Timeout] Query timed out: msg id 37938
[Timeout] Query timed out: msg id 37939
[Timeout] Query timed out: msg id 37940
[Timeout] Query timed out: msg id 37941
[Timeout] Query timed out: msg id 37942
[Timeout] Query timed out: msg id 37943
[Timeout] Query timed out: msg id 37944
[Timeout] Query timed out: msg id 37945
[Timeout] Query timed out: msg id 37946
[Timeout] Query timed out: msg id 37947
[Timeout] Query timed out: msg id 37948
[Timeout] Query timed out: msg id 37949
[Timeout] Query timed out: msg id 37950
[Timeout] Query timed out: msg id 37951
[Timeout] Query timed out: msg id 38999
[Timeout] Query timed out: msg id 39000
[Timeout] Query timed out: msg id 39001
[Timeout] Query timed out: msg id 39002
[Timeout] Query timed out: msg id 39003
[Timeout] Query timed out: msg id 39004
[Timeout] Query timed out: msg id 39005
[Timeout] Query timed out: msg id 39006
[Timeout] Query timed out: msg id 39007
[Timeout] Query timed out: msg id 39008
[Timeout] Query timed out: msg id 39009
[Timeout] Query timed out: msg id 39010
[Timeout] Query timed out: msg id 39011
[Timeout] Query timed out: msg id 39012
[Timeout] Query timed out: msg id 39013
[Timeout] Query timed out: msg id 40176
[Timeout] Query timed out: msg id 40177
[Timeout] Query timed out: msg id 40178
[Timeout] Query timed out: msg id 40179
[Timeout] Query timed out: msg id 40180
[Timeout] Query timed out: msg id 40181
[Timeout] Query timed out: msg id 40182
[Timeout] Query timed out: msg id 40183
[Timeout] Query timed out: msg id 43098
[Timeout] Query timed out: msg id 43101
[Timeout] Query timed out: msg id 43102
[Timeout] Query timed out: msg id 43211
[Timeout] Query timed out: msg id 43212
[Timeout] Query timed out: msg id 43213
[Timeout] Query timed out: msg id 43214
[Timeout] Query timed out: msg id 43707
[Timeout] Query timed out: msg id 43708
[Timeout] Query timed out: msg id 43709
[Timeout] Query timed out: msg id 43710
[Timeout] Query timed out: msg id 43711
[Timeout] Query timed out: msg id 43712
[Timeout] Query timed out: msg id 43713
[Timeout] Query timed out: msg id 43714
[Timeout] Query timed out: msg id 43715
[Timeout] Query timed out: msg id 43716
[Timeout] Query timed out: msg id 43717
[Timeout] Query timed out: msg id 43718
[Timeout] Query timed out: msg id 43719
[Timeout] Query timed out: msg id 43720
[Timeout] Query timed out: msg id 43721
[Timeout] Query timed out: msg id 43722
[Timeout] Query timed out: msg id 44734
[Timeout] Query timed out: msg id 44735
[Timeout] Query timed out: msg id 44736
[Timeout] Query timed out: msg id 44737
[Timeout] Query timed out: msg id 45412
[Timeout] Query timed out: msg id 45413
[Timeout] Query timed out: msg id 45414
[Timeout] Query timed out: msg id 45415
[Timeout] Query timed out: msg id 45416
[Timeout] Query timed out: msg id 45417
[Timeout] Query timed out: msg id 46311
[Timeout] Query timed out: msg id 46312
[Timeout] Query timed out: msg id 46313
[Timeout] Query timed out: msg id 46314
[Timeout] Query timed out: msg id 46315
[Timeout] Query timed out: msg id 46316
[Timeout] Query timed out: msg id 46317
[Timeout] Query timed out: msg id 46318
[Timeout] Query timed out: msg id 46319
[Timeout] Query timed out: msg id 46320
[Timeout] Query timed out: msg id 46321
[Timeout] Query timed out: msg id 46322
[Timeout] Query timed out: msg id 46323
[Timeout] Query timed out: msg id 46324
[Timeout] Query timed out: msg id 46325
[Timeout] Query timed out: msg id 46326
[Timeout] Query timed out: msg id 46327
[Timeout] Query timed out: msg id 48936
[Timeout] Query timed out: msg id 48937
[Timeout] Query timed out: msg id 51116
[Timeout] Query timed out: msg id 51118
[Timeout] Query timed out: msg id 51119
[Timeout] Query timed out: msg id 51230
[Timeout] Query timed out: msg id 51231
[Timeout] Query timed out: msg id 51328
[Timeout] Query timed out: msg id 51329
[Timeout] Query timed out: msg id 55762
[Timeout] Query timed out: msg id 55763
[Timeout] Query timed out: msg id 55764
[Timeout] Query timed out: msg id 55765
[Timeout] Query timed out: msg id 55766
[Timeout] Query timed out: msg id 55767
[Timeout] Query timed out: msg id 55768
[Timeout] Query timed out: msg id 55769
[Timeout] Query timed out: msg id 55770
[Timeout] Query timed out: msg id 55771
[Timeout] Query timed out: msg id 55772
[Timeout] Query timed out: msg id 55773
[Timeout] Query timed out: msg id 55774
[Timeout] Query timed out: msg id 55775
[Timeout] Query timed out: msg id 55776
[Timeout] Query timed out: msg id 55777
[Timeout] Query timed out: msg id 55778
[Timeout] Query timed out: msg id 59175
[Timeout] Query timed out: msg id 59177
[Timeout] Query timed out: msg id 59181
[Timeout] Query timed out: msg id 59182
[Timeout] Query timed out: msg id 59185
[Timeout] Query timed out: msg id 59187
[Timeout] Query timed out: msg id 59188
[Timeout] Query timed out: msg id 60994
[Timeout] Query timed out: msg id 60995
[Timeout] Query timed out: msg id 60996
[Timeout] Query timed out: msg id 60997
[Timeout] Query timed out: msg id 703
[Timeout] Query timed out: msg id 704
[Timeout] Query timed out: msg id 705
[Timeout] Query timed out: msg id 706
[Timeout] Query timed out: msg id 707
[Timeout] Query timed out: msg id 1686
[Timeout] Query timed out: msg id 1690
[Timeout] Query timed out: msg id 1694
[Timeout] Query timed out: msg id 1696
[Timeout] Query timed out: msg id 1750
[Timeout] Query timed out: msg id 1751
[Timeout] Query timed out: msg id 1752
[Timeout] Query timed out: msg id 1753
[Timeout] Query timed out: msg id 1754
[Timeout] Query timed out: msg id 1755
[Timeout] Query timed out: msg id 1756
[Timeout] Query timed out: msg id 1757
[Timeout] Query timed out: msg id 1758
[Timeout] Query timed out: msg id 1759
[Timeout] Query timed out: msg id 1760
[Timeout] Query timed out: msg id 1761
[Timeout] Query timed out: msg id 1762
[Timeout] Query timed out: msg id 1763
[Timeout] Query timed out: msg id 1764
[Timeout] Query timed out: msg id 1787
[Timeout] Query timed out: msg id 1788
[Timeout] Query timed out: msg id 1791
[Timeout] Query timed out: msg id 3555
[Timeout] Query timed out: msg id 3556
[Timeout] Query timed out: msg id 3786
[Timeout] Query timed out: msg id 3787
[Timeout] Query timed out: msg id 3788
[Timeout] Query timed out: msg id 3816
[Timeout] Query timed out: msg id 3865
[Timeout] Query timed out: msg id 3866
[Timeout] Query timed out: msg id 3867
[Timeout] Query timed out: msg id 3868
[Timeout] Query timed out: msg id 3869
[Timeout] Query timed out: msg id 3870
[Timeout] Query timed out: msg id 3871
[Timeout] Query timed out: msg id 3872
[Timeout] Query timed out: msg id 3873
[Timeout] Query timed out: msg id 3874
[Timeout] Query timed out: msg id 3875
[Timeout] Query timed out: msg id 3876
[Timeout] Query timed out: msg id 3877
[Timeout] Query timed out: msg id 3878
[Timeout] Query timed out: msg id 3879
[Timeout] Query timed out: msg id 3880
[Timeout] Query timed out: msg id 4320
[Timeout] Query timed out: msg id 5491
[Timeout] Query timed out: msg id 5492
[Timeout] Query timed out: msg id 5493
[Timeout] Query timed out: msg id 5494
[Timeout] Query timed out: msg id 5495
[Timeout] Query timed out: msg id 5496
[Timeout] Query timed out: msg id 7034
[Timeout] Query timed out: msg id 7035
[Timeout] Query timed out: msg id 7036
[Timeout] Query timed out: msg id 7037
[Timeout] Query timed out: msg id 7038
[Timeout] Query timed out: msg id 7039
[Timeout] Query timed out: msg id 7040
[Timeout] Query timed out: msg id 7041
[Timeout] Query timed out: msg id 7042
[Timeout] Query timed out: msg id 7043
[Timeout] Query timed out: msg id 7044
[Timeout] Query timed out: msg id 7045
[Timeout] Query timed out: msg id 7046
[Timeout] Query timed out: msg id 7047
[Timeout] Query timed out: msg id 7048
[Timeout] Query timed out: msg id 7049
[Timeout] Query timed out: msg id 7050
[Timeout] Query timed out: msg id 7051
[Timeout] Query timed out: msg id 7052
[Timeout] Query timed out: msg id 7053
[Timeout] Query timed out: msg id 7054
[Timeout] Query timed out: msg id 7055
[Timeout] Query timed out: msg id 8080
[Timeout] Query timed out: msg id 8081
[Timeout] Query timed out: msg id 8082
[Timeout] Query timed out: msg id 8083
[Timeout] Query timed out: msg id 8084
[Timeout] Query timed out: msg id 8085
[Timeout] Query timed out: msg id 8086
[Timeout] Query timed out: msg id 8087
[Timeout] Query timed out: msg id 8088
[Timeout] Query timed out: msg id 8089
[Timeout] Query timed out: msg id 8090
[Timeout] Query timed out: msg id 8091
[Timeout] Query timed out: msg id 8092
[Timeout] Query timed out: msg id 8093
[Timeout] Query timed out: msg id 8094
[Timeout] Query timed out: msg id 8095
[Timeout] Query timed out: msg id 8589
[Timeout] Query timed out: msg id 8590
[Timeout] Query timed out: msg id 8591
[Timeout] Query timed out: msg id 8592
[Timeout] Query timed out: msg id 8593
[Timeout] Query timed out: msg id 8594
[Timeout] Query timed out: msg id 8595
[Timeout] Query timed out: msg id 8596
[Timeout] Query timed out: msg id 8597
[Timeout] Query timed out: msg id 8598
[Timeout] Query timed out: msg id 8599
[Timeout] Query timed out: msg id 8600
[Timeout] Query timed out: msg id 8601
[Timeout] Query timed out: msg id 8602
[Timeout] Query timed out: msg id 9860
[Timeout] Query timed out: msg id 10164
[Timeout] Query timed out: msg id 10165
[Timeout] Query timed out: msg id 10166
[Timeout] Query timed out: msg id 10167
[Timeout] Query timed out: msg id 10168
[Timeout] Query timed out: msg id 10169
[Timeout] Query timed out: msg id 10170
[Timeout] Query timed out: msg id 10171
[Timeout] Query timed out: msg id 10172
[Timeout] Query timed out: msg id 10173
[Timeout] Query timed out: msg id 10174
[Timeout] Query timed out: msg id 10175
[Timeout] Query timed out: msg id 10176
[Timeout] Query timed out: msg id 10177
[Timeout] Query timed out: msg id 10178
[Timeout] Query timed out: msg id 10179
[Timeout] Query timed out: msg id 10180
[Timeout] Query timed out: msg id 10181
[Timeout] Query timed out: msg id 11213
[Timeout] Query timed out: msg id 11214
[Timeout] Query timed out: msg id 11215
[Timeout] Query timed out: msg id 11216
[Timeout] Query timed out: msg id 11217
[Timeout] Query timed out: msg id 11218
[Timeout] Query timed out: msg id 17801
[Timeout] Query timed out: msg id 17934
[Timeout] Query timed out: msg id 20273
[Timeout] Query timed out: msg id 22375
[Timeout] Query timed out: msg id 22376
[Timeout] Query timed out: msg id 22377
[Timeout] Query timed out: msg id 22378
[Timeout] Query timed out: msg id 22379
[Timeout] Query timed out: msg id 24341
[Timeout] Query timed out: msg id 24342
[Timeout] Query timed out: msg id 24343
[Timeout] Query timed out: msg id 24344
[Timeout] Query timed out: msg id 24345
[Timeout] Query timed out: msg id 24346
[Timeout] Query timed out: msg id 24347
[Timeout] Query timed out: msg id 24348
[Timeout] Query timed out: msg id 24349
[Timeout] Query timed out: msg id 24350
[Timeout] Query timed out: msg id 24351
[Timeout] Query timed out: msg id 24352
[Timeout] Query timed out: msg id 24353
[Timeout] Query timed out: msg id 24354
[Timeout] Query timed out: msg id 24355
[Timeout] Query timed out: msg id 25423
[Timeout] Query timed out: msg id 25872
[Timeout] Query timed out: msg id 25879
[Timeout] Query timed out: msg id 25987
[Timeout] Query timed out: msg id 25989
[Timeout] Query timed out: msg id 25990
[Timeout] Query timed out: msg id 26097
[Timeout] Query timed out: msg id 26940
[Timeout] Query timed out: msg id 26941
[Timeout] Query timed out: msg id 26942
[Timeout] Query timed out: msg id 26943
[Timeout] Query timed out: msg id 26944
[Timeout] Query timed out: msg id 26945
[Timeout] Query timed out: msg id 26946
[Timeout] Query timed out: msg id 27101
[Timeout] Query timed out: msg id 27102
[Timeout] Query timed out: msg id 27103
[Timeout] Query timed out: msg id 27104
[Timeout] Query timed out: msg id 27105
[Timeout] Query timed out: msg id 27106
[Timeout] Query timed out: msg id 27107
[Timeout] Query timed out: msg id 27108
[Timeout] Query timed out: msg id 27465
[Timeout] Query timed out: msg id 27466
[Timeout] Query timed out: msg id 27467
[Timeout] Query timed out: msg id 27468
[Timeout] Query timed out: msg id 27469
[Timeout] Query timed out: msg id 27470
[Timeout] Query timed out: msg id 27471
[Timeout] Query timed out: msg id 27472
[Timeout] Query timed out: msg id 27473
[Timeout] Query timed out: msg id 27474
[Timeout] Query timed out: msg id 27475
[Timeout] Query timed out: msg id 27476
[Timeout] Query timed out: msg id 27477
[Timeout] Query timed out: msg id 27478
[Timeout] Query timed out: msg id 27479
[Timeout] Query timed out: msg id 27480
[Timeout] Query timed out: msg id 27481
[Timeout] Query timed out: msg id 27988
[Timeout] Query timed out: msg id 27989
[Timeout] Query timed out: msg id 27990
[Timeout] Query timed out: msg id 27991
[Timeout] Query timed out: msg id 27992
[Timeout] Query timed out: msg id 27993
[Timeout] Query timed out: msg id 28546
[Timeout] Query timed out: msg id 28547
[Timeout] Query timed out: msg id 28548
[Timeout] Query timed out: msg id 28549
[Timeout] Query timed out: msg id 28550
[Timeout] Query timed out: msg id 28551
[Timeout] Query timed out: msg id 28552
[Timeout] Query timed out: msg id 28553
[Timeout] Query timed out: msg id 28554
[Timeout] Query timed out: msg id 30077
[Timeout] Query timed out: msg id 30078
[Timeout] Query timed out: msg id 30079
[Timeout] Query timed out: msg id 30080
[Timeout] Query timed out: msg id 30081
[Timeout] Query timed out: msg id 30082
[Timeout] Query timed out: msg id 30083
[Timeout] Query timed out: msg id 30084
[Timeout] Query timed out: msg id 30085
[Timeout] Query timed out: msg id 33270
[Timeout] Query timed out: msg id 33271
[Timeout] Query timed out: msg id 33272
[Timeout] Query timed out: msg id 33273
[Timeout] Query timed out: msg id 33274
[Timeout] Query timed out: msg id 33275
[Timeout] Query timed out: msg id 33276
[Timeout] Query timed out: msg id 33277
[Timeout] Query timed out: msg id 33278
[Timeout] Query timed out: msg id 33279
[Timeout] Query timed out: msg id 33280
[Timeout] Query timed out: msg id 33281
[Timeout] Query timed out: msg id 33282
[Timeout] Query timed out: msg id 34299
[Timeout] Query timed out: msg id 34300
[Timeout] Query timed out: msg id 34301
[Timeout] Query timed out: msg id 34302
[Timeout] Query timed out: msg id 34303
[Timeout] Query timed out: msg id 34304
[Timeout] Query timed out: msg id 34305
[Timeout] Query timed out: msg id 34306
[Timeout] Query timed out: msg id 34307
[Timeout] Query timed out: msg id 34308
[Timeout] Query timed out: msg id 34309
[Timeout] Query timed out: msg id 34310
[Timeout] Query timed out: msg id 34311
[Timeout] Query timed out: msg id 41923
[Timeout] Query timed out: msg id 41924
[Timeout] Query timed out: msg id 41925
[Timeout] Query timed out: msg id 43733
[Timeout] Query timed out: msg id 43734
[Timeout] Query timed out: msg id 43735
[Timeout] Query timed out: msg id 43736
[Timeout] Query timed out: msg id 43737
[Timeout] Query timed out: msg id 43738
[Timeout] Query timed out: msg id 43739
[Timeout] Query timed out: msg id 43740
[Timeout] Query timed out: msg id 43741
[Timeout] Query timed out: msg id 43742
[Timeout] Query timed out: msg id 43743
[Timeout] Query timed out: msg id 43744
[Timeout] Query timed out: msg id 43745
[Timeout] Query timed out: msg id 43746
[Timeout] Query timed out: msg id 43747
[Timeout] Query timed out: msg id 43748
[Timeout] Query timed out: msg id 43749
[Timeout] Query timed out: msg id 43750
[Timeout] Query timed out: msg id 43751
[Timeout] Query timed out: msg id 43752
[Timeout] Query timed out: msg id 44244
[Timeout] Query timed out: msg id 44245
[Timeout] Query timed out: msg id 44246
[Timeout] Query timed out: msg id 44247
[Timeout] Query timed out: msg id 44248
[Timeout] Query timed out: msg id 44249
[Timeout] Query timed out: msg id 44250
[Timeout] Query timed out: msg id 44251
[Timeout] Query timed out: msg id 44252
[Timeout] Query timed out: msg id 49091
[Timeout] Query timed out: msg id 49092
[Timeout] Query timed out: msg id 49461
[Timeout] Query timed out: msg id 49462
[Timeout] Query timed out: msg id 49463
[Timeout] Query timed out: msg id 49464
[Timeout] Query timed out: msg id 49465
[Timeout] Query timed out: msg id 49466
[Timeout] Query timed out: msg id 49467
[Timeout] Query timed out: msg id 49468
[Timeout] Query timed out: msg id 49469
[Timeout] Query timed out: msg id 49470
[Timeout] Query timed out: msg id 49471
[Timeout] Query timed out: msg id 49472
[Timeout] Query timed out: msg id 49473
[Timeout] Query timed out: msg id 49474
[Timeout] Query timed out: msg id 49475
[Timeout] Query timed out: msg id 49476
[Timeout] Query timed out: msg id 49966
[Timeout] Query timed out: msg id 49967
[Timeout] Query timed out: msg id 49970
[Timeout] Query timed out: msg id 49971
[Timeout] Query timed out: msg id 53708
[Timeout] Query timed out: msg id 53709
[Timeout] Query timed out: msg id 53710
[Timeout] Query timed out: msg id 53711
[Timeout] Query timed out: msg id 53712
[Timeout] Query timed out: msg id 53713
[Timeout] Query timed out: msg id 53714
[Timeout] Query timed out: msg id 53715
[Timeout] Query timed out: msg id 54753
[Timeout] Query timed out: msg id 54754
[Timeout] Query timed out: msg id 54755
[Timeout] Query timed out: msg id 54756
[Timeout] Query timed out: msg id 54757
[Timeout] Query timed out: msg id 54758
[Timeout] Query timed out: msg id 54759
[Timeout] Query timed out: msg id 54760
[Timeout] Query timed out: msg id 54761
[Timeout] Query timed out: msg id 54762
[Timeout] Query timed out: msg id 54763
[Timeout] Query timed out: msg id 54764
[Timeout] Query timed out: msg id 54765
[Timeout] Query timed out: msg id 54766
[Timeout] Query timed out: msg id 54767
[Timeout] Query timed out: msg id 54768
[Timeout] Query timed out: msg id 54769
[Timeout] Query timed out: msg id 54770
[Timeout] Query timed out: msg id 57937
[Timeout] Query timed out: msg id 57938
[Timeout] Query timed out: msg id 57941
[Timeout] Query timed out: msg id 57942
[Timeout] Query timed out: msg id 57943
[Timeout] Query timed out: msg id 57944
[Timeout] Query timed out: msg id 57948
[Timeout] Query timed out: msg id 57949
[Timeout] Query timed out: msg id 57950
[Timeout] Query timed out: msg id 57953
[Timeout] Query timed out: msg id 57958
[Timeout] Query timed out: msg id 57961
[Timeout] Query timed out: msg id 57964
[Timeout] Query timed out: msg id 57965
[Timeout] Query timed out: msg id 57966
[Timeout] Query timed out: msg id 57969
[Timeout] Query timed out: msg id 57970
[Timeout] Query timed out: msg id 57971
[Timeout] Query timed out: msg id 57972
[Timeout] Query timed out: msg id 57974
[Timeout] Query timed out: msg id 57977
[Timeout] Query timed out: msg id 57978
[Timeout] Query timed out: msg id 57980
[Timeout] Query timed out: msg id 57984
[Timeout] Query timed out: msg id 57986
[Timeout] Query timed out: msg id 57987
[Timeout] Query timed out: msg id 57989
[Timeout] Query timed out: msg id 57990
[Timeout] Query timed out: msg id 57996
[Timeout] Query timed out: msg id 57997
[Timeout] Query timed out: msg id 57998
[Timeout] Query timed out: msg id 57999
[Timeout] Query timed out: msg id 58002
[Timeout] Query timed out: msg id 58003
[Timeout] Query timed out: msg id 58004
[Timeout] Query timed out: msg id 58005
[Timeout] Query timed out: msg id 58006
[Timeout] Query timed out: msg id 58008
[Timeout] Query timed out: msg id 58010
[Timeout] Query timed out: msg id 58013
[Timeout] Query timed out: msg id 58014
[Timeout] Query timed out: msg id 58015
[Timeout] Query timed out: msg id 58016
[Timeout] Query timed out: msg id 58017
[Timeout] Query timed out: msg id 58103
[Timeout] Query timed out: msg id 58380
[Timeout] Query timed out: msg id 58381
[Timeout] Query timed out: msg id 58382
[Timeout] Query timed out: msg id 58383
[Timeout] Query timed out: msg id 58384
[Timeout] Query timed out: msg id 58385
[Timeout] Query timed out: msg id 58386
[Timeout] Query timed out: msg id 58387
[Timeout] Query timed out: msg id 63649
[Timeout] Query timed out: msg id 63650
[Timeout] Query timed out: msg id 63651
[Timeout] Query timed out: msg id 63652
[Timeout] Query timed out: msg id 63653
[Timeout] Query timed out: msg id 63654
[Timeout] Query timed out: msg id 63655
[Timeout] Query timed out: msg id 63656
[Timeout] Query timed out: msg id 63657
[Timeout] Query timed out: msg id 63658
[Timeout] Query timed out: msg id 63659
[Timeout] Query timed out: msg id 63660
[Timeout] Query timed out: msg id 63661
[Timeout] Query timed out: msg id 530
[Timeout] Query timed out: msg id 531
[Timeout] Query timed out: msg id 649
[Timeout] Query timed out: msg id 699
[Timeout] Query timed out: msg id 700
[Timeout] Query timed out: msg id 701
[Timeout] Query timed out: msg id 702
[Timeout] Query timed out: msg id 708
[Timeout] Query timed out: msg id 709
[Timeout] Query timed out: msg id 710
[Timeout] Query timed out: msg id 711
[Timeout] Query timed out: msg id 712
[Timeout] Query timed out: msg id 713
[Timeout] Query timed out: msg id 5534
[Timeout] Query timed out: msg id 5535
[Timeout] Query timed out: msg id 5536
[Timeout] Query timed out: msg id 5537
[Timeout] Query timed out: msg id 5538
[Timeout] Query timed out: msg id 6647
[Timeout] Query timed out: msg id 6648
[Timeout] Query timed out: msg id 8655
[Timeout] Query timed out: msg id 8656
[Timeout] Query timed out: msg id 9147
[Timeout] Query timed out: msg id 9148
[Timeout] Query timed out: msg id 9149
[Timeout] Query timed out: msg id 9150
[Timeout] Query timed out: msg id 9151
[Timeout] Query timed out: msg id 9152
[Timeout] Query timed out: msg id 9153
[Timeout] Query timed out: msg id 9154
[Timeout] Query timed out: msg id 9155
[Timeout] Query timed out: msg id 10206
[Timeout] Query timed out: msg id 10207
[Timeout] Query timed out: msg id 10208
[Timeout] Query timed out: msg id 10209
[Timeout] Query timed out: msg id 10210
[Timeout] Query timed out: msg id 10211
[Timeout] Query timed out: msg id 10212
[Timeout] Query timed out: msg id 10213
[Timeout] Query timed out: msg id 10341
[Timeout] Query timed out: msg id 10342
[Timeout] Query timed out: msg id 10343
[Timeout] Query timed out: msg id 10344
[Timeout] Query timed out: msg id 10345
[Timeout] Query timed out: msg id 10346
[Timeout] Query timed out: msg id 10347
[Timeout] Query timed out: msg id 11240
[Timeout] Query timed out: msg id 11241
[Timeout] Query timed out: msg id 11242
[Timeout] Query timed out: msg id 11243
[Timeout] Query timed out: msg id 11244
[Timeout] Query timed out: msg id 11245
[Timeout] Query timed out: msg id 11246
[Timeout] Query timed out: msg id 11247
[Timeout] Query timed out: msg id 11248
[Timeout] Query timed out: msg id 11249
[Timeout] Query timed out: msg id 11250
[Timeout] Query timed out: msg id 11251
[Timeout] Query timed out: msg id 11252
[Timeout] Query timed out: msg id 11253
[Timeout] Query timed out: msg id 11254
[Timeout] Query timed out: msg id 13352
[Timeout] Query timed out: msg id 13353
[Timeout] Query timed out: msg id 13354
[Timeout] Query timed out: msg id 13355
[Timeout] Query timed out: msg id 13356
[Timeout] Query timed out: msg id 13855
[Timeout] Query timed out: msg id 13856
[Timeout] Query timed out: msg id 13857
[Timeout] Query timed out: msg id 13858
[Timeout] Query timed out: msg id 13859
[Timeout] Query timed out: msg id 13860
[Timeout] Query timed out: msg id 13861
[Timeout] Query timed out: msg id 13862
[Timeout] Query timed out: msg id 13863
[Timeout] Query timed out: msg id 13864
[Timeout] Query timed out: msg id 13865
[Timeout] Query timed out: msg id 13866
[Timeout] Query timed out: msg id 15708
[Timeout] Query timed out: msg id 15833
[Timeout] Query timed out: msg id 15834
[Timeout] Query timed out: msg id 16441
[Timeout] Query timed out: msg id 16442
[Timeout] Query timed out: msg id 16443
[Timeout] Query timed out: msg id 16444
[Timeout] Query timed out: msg id 16445
[Timeout] Query timed out: msg id 16446
[Timeout] Query timed out: msg id 16447
[Timeout] Query timed out: msg id 16448
[Timeout] Query timed out: msg id 16449
[Timeout] Query timed out: msg id 16450
[Timeout] Query timed out: msg id 16451
[Timeout] Query timed out: msg id 16452
[Timeout] Query timed out: msg id 16453
[Timeout] Query timed out: msg id 16454
[Timeout] Query timed out: msg id 16455
[Timeout] Query timed out: msg id 16456
[Timeout] Query timed out: msg id 16457
[Timeout] Query timed out: msg id 16458
[Timeout] Query timed out: msg id 16459
[Timeout] Query timed out: msg id 17493
[Timeout] Query timed out: msg id 17494
[Timeout] Query timed out: msg id 17495
[Timeout] Query timed out: msg id 17496
[Timeout] Query timed out: msg id 17497
[Timeout] Query timed out: msg id 17498
[Timeout] Query timed out: msg id 17499
[Timeout] Query timed out: msg id 17500
[Timeout] Query timed out: msg id 17501
[Timeout] Query timed out: msg id 17502
[Timeout] Query timed out: msg id 17503
[Timeout] Query timed out: msg id 17504
[Timeout] Query timed out: msg id 17505
[Timeout] Query timed out: msg id 17506
[Timeout] Query timed out: msg id 17507
[Timeout] Query timed out: msg id 17508
[Timeout] Query timed out: msg id 18026
[Timeout] Query timed out: msg id 18027
[Timeout] Query timed out: msg id 18028
[Timeout] Query timed out: msg id 18029
[Timeout] Query timed out: msg id 18030
[Timeout] Query timed out: msg id 18031
[Timeout] Query timed out: msg id 18032
[Timeout] Query timed out: msg id 18033
[Timeout] Query timed out: msg id 18034
[Timeout] Query timed out: msg id 18035
[Timeout] Query timed out: msg id 18036
[Timeout] Query timed out: msg id 18037
[Timeout] Query timed out: msg id 18038
[Timeout] Query timed out: msg id 18039
[Timeout] Query timed out: msg id 18040
[Timeout] Query timed out: msg id 18041
[Timeout] Query timed out: msg id 18042
[Timeout] Query timed out: msg id 18043
[Timeout] Query timed out: msg id 18044
[Timeout] Query timed out: msg id 18045
[Timeout] Query timed out: msg id 18046
[Timeout] Query timed out: msg id 19602
[Timeout] Query timed out: msg id 19603
[Timeout] Query timed out: msg id 22224
[Timeout] Query timed out: msg id 22225
[Timeout] Query timed out: msg id 22226
[Timeout] Query timed out: msg id 22227
[Timeout] Query timed out: msg id 22228
[Timeout] Query timed out: msg id 22229
[Timeout] Query timed out: msg id 22230
[Timeout] Query timed out: msg id 22231
[Timeout] Query timed out: msg id 22232
[Timeout] Query timed out: msg id 22233
[Timeout] Query timed out: msg id 22234
[Timeout] Query timed out: msg id 22235
[Timeout] Query timed out: msg id 22236
[Timeout] Query timed out: msg id 22237
[Timeout] Query timed out: msg id 22238
[Timeout] Query timed out: msg id 26959
[Timeout] Query timed out: msg id 26960
[Timeout] Query timed out: msg id 26961
[Timeout] Query timed out: msg id 26962
[Timeout] Query timed out: msg id 26963
[Timeout] Query timed out: msg id 26964
[Timeout] Query timed out: msg id 26965
[Timeout] Query timed out: msg id 26966
[Timeout] Query timed out: msg id 26967
[Timeout] Query timed out: msg id 26968
[Timeout] Query timed out: msg id 26969
[Timeout] Query timed out: msg id 26970
[Timeout] Query timed out: msg id 26971
[Timeout] Query timed out: msg id 26972
[Timeout] Query timed out: msg id 26973
[Timeout] Query timed out: msg id 31715
[Timeout] Query timed out: msg id 31716
[Timeout] Query timed out: msg id 31717
[Timeout] Query timed out: msg id 31718
[Timeout] Query timed out: msg id 31719
[Timeout] Query timed out: msg id 31720
[Timeout] Query timed out: msg id 31721
[Timeout] Query timed out: msg id 31722
[Timeout] Query timed out: msg id 32239
[Timeout] Query timed out: msg id 32240
[Timeout] Query timed out: msg id 32241
[Timeout] Query timed out: msg id 32775
[Timeout] Query timed out: msg id 40896
[Timeout] Query timed out: msg id 40898
[Timeout] Query timed out: msg id 41088
[Timeout] Query timed out: msg id 41089
[Timeout] Query timed out: msg id 41090
[Timeout] Query timed out: msg id 41091
[Timeout] Query timed out: msg id 42810
[Timeout] Query timed out: msg id 42811
[Timeout] Query timed out: msg id 42812
[Timeout] Query timed out: msg id 42813
[Timeout] Query timed out: msg id 42814
[Timeout] Query timed out: msg id 42815
[Timeout] Query timed out: msg id 42816
[Timeout] Query timed out: msg id 42817
[Timeout] Query timed out: msg id 42818
[Timeout] Query timed out: msg id 42819
[Timeout] Query timed out: msg id 42820
[Timeout] Query timed out: msg id 42821
[Timeout] Query timed out: msg id 42822
[Timeout] Query timed out: msg id 42823
[Timeout] Query timed out: msg id 42824
[Timeout] Query timed out: msg id 42825
[Timeout] Query timed out: msg id 42826
[Timeout] Query timed out: msg id 42827
[Timeout] Query timed out: msg id 44844
[Timeout] Query timed out: msg id 44845
[Timeout] Query timed out: msg id 44847
[Timeout] Query timed out: msg id 48819
[Timeout] Query timed out: msg id 48820
[Timeout] Query timed out: msg id 50016
[Timeout] Query timed out: msg id 50017
[Timeout] Query timed out: msg id 50018
[Timeout] Query timed out: msg id 50019
[Timeout] Query timed out: msg id 50020
[Timeout] Query timed out: msg id 50021
[Timeout] Query timed out: msg id 50022
[Timeout] Query timed out: msg id 51200
[Timeout] Query timed out: msg id 51201
[Timeout] Query timed out: msg id 51202
[Timeout] Query timed out: msg id 51203
[Timeout] Query timed out: msg id 51204
[Timeout] Query timed out: msg id 51205
[Timeout] Query timed out: msg id 51206
[Timeout] Query timed out: msg id 51207
[Timeout] Query timed out: msg id 51208
[Timeout] Query timed out: msg id 51209
[Timeout] Query timed out: msg id 51210
[Timeout] Query timed out: msg id 51211
[Timeout] Query timed out: msg id 51212
[Timeout] Query timed out: msg id 51213
[Timeout] Query timed out: msg id 51214
[Timeout] Query timed out: msg id 51215
[Timeout] Query timed out: msg id 51216
[Timeout] Query timed out: msg id 52096
[Timeout] Query timed out: msg id 52097
[Timeout] Query timed out: msg id 52098
[Timeout] Query timed out: msg id 52099
[Timeout] Query timed out: msg id 52608
[Timeout] Query timed out: msg id 52609
[Timeout] Query timed out: msg id 52610
[Timeout] Query timed out: msg id 52611
[Timeout] Query timed out: msg id 52612
[Timeout] Query timed out: msg id 52613
[Timeout] Query timed out: msg id 52614
[Timeout] Query timed out: msg id 52615
[Timeout] Query timed out: msg id 52616
[Timeout] Query timed out: msg id 52617
[Timeout] Query timed out: msg id 52618
[Timeout] Query timed out: msg id 52619
[Timeout] Query timed out: msg id 52620
[Timeout] Query timed out: msg id 52621
[Timeout] Query timed out: msg id 52622
[Timeout] Query timed out: msg id 52623
[Timeout] Query timed out: msg id 52624
[Timeout] Query timed out: msg id 52625
[Timeout] Query timed out: msg id 52626
[Timeout] Query timed out: msg id 52627
[Timeout] Query timed out: msg id 54390
[Timeout] Query timed out: msg id 54391
[Timeout] Query timed out: msg id 54392
[Timeout] Query timed out: msg id 54393
[Timeout] Query timed out: msg id 54394
[Timeout] Query timed out: msg id 54395
[Timeout] Query timed out: msg id 54396
[Timeout] Query timed out: msg id 55282
[Timeout] Query timed out: msg id 55283
[Timeout] Query timed out: msg id 55797
[Timeout] Query timed out: msg id 55798
[Timeout] Query timed out: msg id 56890
[Timeout] Query timed out: msg id 56892
[Timeout] Query timed out: msg id 58423
[Timeout] Query timed out: msg id 58424
[Timeout] Query timed out: msg id 60621
[Timeout] Query timed out: msg id 60622
[Timeout] Query timed out: msg id 60623
[Timeout] Query timed out: msg id 60624
[Timeout] Query timed out: msg id 60625
[Timeout] Query timed out: msg id 60626
[Timeout] Query timed out: msg id 60627
[Timeout] Query timed out: msg id 60628
[Timeout] Query timed out: msg id 60629
[Timeout] Query timed out: msg id 60630
[Timeout] Query timed out: msg id 60631
[Timeout] Query timed out: msg id 63648
[Timeout] Query timed out: msg id 63662
[Timeout] Query timed out: msg id 63663
[Timeout] Query timed out: msg id 63664
[Timeout] Query timed out: msg id 63665
[Timeout] Query timed out: msg id 63666
[Timeout] Query timed out: msg id 63667
[Timeout] Query timed out: msg id 63668
[Timeout] Query timed out: msg id 63669
[Timeout] Query timed out: msg id 63670
[Timeout] Query timed out: msg id 63671
[Timeout] Query timed out: msg id 63672
[Timeout] Query timed out: msg id 63673
[Timeout] Query timed out: msg id 63674
[Timeout] Query timed out: msg id 63675
[Timeout] Query timed out: msg id 64186
[Timeout] Query timed out: msg id 64187
[Timeout] Query timed out: msg id 64188
[Timeout] Query timed out: msg id 64189
[Timeout] Query timed out: msg id 64190
[Timeout] Query timed out: msg id 64191
[Timeout] Query timed out: msg id 64192
[Timeout] Query timed out: msg id 64193
[Timeout] Query timed out: msg id 64194
[Timeout] Query timed out: msg id 64926
[Timeout] Query timed out: msg id 2311
[Timeout] Query timed out: msg id 2312
[Timeout] Query timed out: msg id 2313
[Timeout] Query timed out: msg id 2314
[Timeout] Query timed out: msg id 2315
[Timeout] Query timed out: msg id 2316
[Timeout] Query timed out: msg id 2317
[Timeout] Query timed out: msg id 2318
[Timeout] Query timed out: msg id 2319
[Timeout] Query timed out: msg id 2320
[Timeout] Query timed out: msg id 2321
[Timeout] Query timed out: msg id 2322
[Timeout] Query timed out: msg id 2323
[Timeout] Query timed out: msg id 2324
[Timeout] Query timed out: msg id 2325
[Timeout] Query timed out: msg id 2326
[Timeout] Query timed out: msg id 2327
[Timeout] Query timed out: msg id 2328
[Timeout] Query timed out: msg id 2329
[Timeout] Query timed out: msg id 2330
[Timeout] Query timed out: msg id 2331
[Timeout] Query timed out: msg id 3888
[Timeout] Query timed out: msg id 3889
[Timeout] Query timed out: msg id 3890
[Timeout] Query timed out: msg id 4995
[Timeout] Query timed out: msg id 4996
[Timeout] Query timed out: msg id 4997
[Timeout] Query timed out: msg id 4998
[Timeout] Query timed out: msg id 4999
[Timeout] Query timed out: msg id 5000
[Timeout] Query timed out: msg id 5001
[Timeout] Query timed out: msg id 5002
[Timeout] Query timed out: msg id 5003
[Timeout] Query timed out: msg id 5004
[Timeout] Query timed out: msg id 5005
[Timeout] Query timed out: msg id 5006
[Timeout] Query timed out: msg id 5007
[Timeout] Query timed out: msg id 5008
[Timeout] Query timed out: msg id 5009
[Timeout] Query timed out: msg id 5010
[Timeout] Query timed out: msg id 5011
[Timeout] Query timed out: msg id 5012
[Timeout] Query timed out: msg id 5523
[Timeout] Query timed out: msg id 5524
[Timeout] Query timed out: msg id 5525
[Timeout] Query timed out: msg id 5526
[Timeout] Query timed out: msg id 5527
[Timeout] Query timed out: msg id 5528
[Timeout] Query timed out: msg id 5529
[Timeout] Query timed out: msg id 5530
[Timeout] Query timed out: msg id 5531
[Timeout] Query timed out: msg id 5532
[Timeout] Query timed out: msg id 5533
[Timeout] Query timed out: msg id 5539
[Timeout] Query timed out: msg id 5540
[Timeout] Query timed out: msg id 5541
[Timeout] Query timed out: msg id 6001
[Timeout] Query timed out: msg id 6002
[Timeout] Query timed out: msg id 6003
[Timeout] Query timed out: msg id 6004
[Timeout] Query timed out: msg id 6005
[Timeout] Query timed out: msg id 6006
[Timeout] Query timed out: msg id 6007
[Timeout] Query timed out: msg id 6008
[Timeout] Query timed out: msg id 6009
[Timeout] Query timed out: msg id 6010
[Timeout] Query timed out: msg id 6011
[Timeout] Query timed out: msg id 6012
[Timeout] Query timed out: msg id 6013
[Timeout] Query timed out: msg id 6014
[Timeout] Query timed out: msg id 7468
[Timeout] Query timed out: msg id 7470
[Timeout] Query timed out: msg id 7474
[Timeout] Query timed out: msg id 7475
[Timeout] Query timed out: msg id 8640
[Timeout] Query timed out: msg id 8641
[Timeout] Query timed out: msg id 8642
[Timeout] Query timed out: msg id 8643
[Timeout] Query timed out: msg id 8644
[Timeout] Query timed out: msg id 8645
[Timeout] Query timed out: msg id 8646
[Timeout] Query timed out: msg id 8647
[Timeout] Query timed out: msg id 8648
[Timeout] Query timed out: msg id 8649
[Timeout] Query timed out: msg id 8650
[Timeout] Query timed out: msg id 8651
[Timeout] Query timed out: msg id 8652
[Timeout] Query timed out: msg id 8653
[Timeout] Query timed out: msg id 8654
[Timeout] Query timed out: msg id 8657
[Timeout] Query timed out: msg id 9140
[Timeout] Query timed out: msg id 9141
[Timeout] Query timed out: msg id 9142
[Timeout] Query timed out: msg id 9143
[Timeout] Query timed out: msg id 9666
[Timeout] Query timed out: msg id 9667
[Timeout] Query timed out: msg id 9668
[Timeout] Query timed out: msg id 9669
[Timeout] Query timed out: msg id 9670
[Timeout] Query timed out: msg id 9671
[Timeout] Query timed out: msg id 9672
[Timeout] Query timed out: msg id 9673
[Timeout] Query timed out: msg id 9674
[Timeout] Query timed out: msg id 9675
[Timeout] Query timed out: msg id 9676
[Timeout] Query timed out: msg id 9677
[Timeout] Query timed out: msg id 9678
[Timeout] Query timed out: msg id 9679
[Timeout] Query timed out: msg id 9680
[Timeout] Query timed out: msg id 9681
[Timeout] Query timed out: msg id 9682
[Timeout] Query timed out: msg id 9683
[Timeout] Query timed out: msg id 9684
[Timeout] Query timed out: msg id 9685
[Timeout] Query timed out: msg id 10741
[Timeout] Query timed out: msg id 10742
[Timeout] Query timed out: msg id 10743
[Timeout] Query timed out: msg id 10744
[Timeout] Query timed out: msg id 10745
[Timeout] Query timed out: msg id 10746
[Timeout] Query timed out: msg id 10747
[Timeout] Query timed out: msg id 10748
[Timeout] Query timed out: msg id 11268
[Timeout] Query timed out: msg id 11269
[Timeout] Query timed out: msg id 11270
[Timeout] Query timed out: msg id 11271
[Timeout] Query timed out: msg id 11272
[Timeout] Query timed out: msg id 14898
[Timeout] Query timed out: msg id 14899
[Timeout] Query timed out: msg id 14900
[Timeout] Query timed out: msg id 14901
[Timeout] Query timed out: msg id 13053
[Timeout] Query timed out: msg id 14902
[Timeout] Query timed out: msg id 14903
[Timeout] Query timed out: msg id 14904
[Timeout] Query timed out: msg id 13056
[Timeout] Query timed out: msg id 14905
[Timeout] Query timed out: msg id 14906
[Timeout] Query timed out: msg id 15467
[Timeout] Query timed out: msg id 15468
[Timeout] Query timed out: msg id 15470
[Timeout] Query timed out: msg id 16467
[Timeout] Query timed out: msg id 16468
[Timeout] Query timed out: msg id 16469
[Timeout] Query timed out: msg id 16470
[Timeout] Query timed out: msg id 16471
[Timeout] Query timed out: msg id 16472
[Timeout] Query timed out: msg id 16473
[Timeout] Query timed out: msg id 16474
[Timeout] Query timed out: msg id 16475
[Timeout] Query timed out: msg id 16476
[Timeout] Query timed out: msg id 16477
[Timeout] Query timed out: msg id 16478
[Timeout] Query timed out: msg id 16479
[Timeout] Query timed out: msg id 16480
[Timeout] Query timed out: msg id 22386
[Timeout] Query timed out: msg id 22387
[Timeout] Query timed out: msg id 22388
[Timeout] Query timed out: msg id 22389
[Timeout] Query timed out: msg id 22764
[Timeout] Query timed out: msg id 22765
[Timeout] Query timed out: msg id 22766
[Timeout] Query timed out: msg id 21682
[Timeout] Query timed out: msg id 23533
[Timeout] Query timed out: msg id 23535
[Timeout] Query timed out: msg id 24900
[Timeout] Query timed out: msg id 24901
[Timeout] Query timed out: msg id 24902
[Timeout] Query timed out: msg id 24903
[Timeout] Query timed out: msg id 24904
[Timeout] Query timed out: msg id 24905
[Timeout] Query timed out: msg id 24906
[Timeout] Query timed out: msg id 24907
[Timeout] Query timed out: msg id 24908
[Timeout] Query timed out: msg id 24909
[Timeout] Query timed out: msg id 24910
[Timeout] Query timed out: msg id 24911
[Timeout] Query timed out: msg id 24912
[Timeout] Query timed out: msg id 24913
[Timeout] Query timed out: msg id 24914
[Timeout] Query timed out: msg id 26957
[Timeout] Query timed out: msg id 26958
[Timeout] Query timed out: msg id 26974
[Timeout] Query timed out: msg id 26975
[Timeout] Query timed out: msg id 26976
[Timeout] Query timed out: msg id 26977
[Timeout] Query timed out: msg id 26978
[Timeout] Query timed out: msg id 26979
[Timeout] Query timed out: msg id 26980
[Timeout] Query timed out: msg id 26981
[Timeout] Query timed out: msg id 26982
[Timeout] Query timed out: msg id 26983
[Timeout] Query timed out: msg id 27518
[Timeout] Query timed out: msg id 27519
[Timeout] Query timed out: msg id 27520
[Timeout] Query timed out: msg id 27521
[Timeout] Query timed out: msg id 27522
[Timeout] Query timed out: msg id 27523
[Timeout] Query timed out: msg id 27524
[Timeout] Query timed out: msg id 27525
[Timeout] Query timed out: msg id 27526
[Timeout] Query timed out: msg id 27527
[Timeout] Query timed out: msg id 27528
[Timeout] Query timed out: msg id 27529
[Timeout] Query timed out: msg id 27530
[Timeout] Query timed out: msg id 27531
[Timeout] Query timed out: msg id 27532
[Timeout] Query timed out: msg id 27533
[Timeout] Query timed out: msg id 27534
[Timeout] Query timed out: msg id 28238
[Timeout] Query timed out: msg id 28239
[Timeout] Query timed out: msg id 28240
[Timeout] Query timed out: msg id 30091
[Timeout] Query timed out: msg id 30092
[Timeout] Query timed out: msg id 30093
[Timeout] Query timed out: msg id 30094
[Timeout] Query timed out: msg id 30095
[Timeout] Query timed out: msg id 30096
[Timeout] Query timed out: msg id 30097
[Timeout] Query timed out: msg id 30098
[Timeout] Query timed out: msg id 30099
[Timeout] Query timed out: msg id 30100
[Timeout] Query timed out: msg id 30101
[Timeout] Query timed out: msg id 30102
[Timeout] Query timed out: msg id 30103
[Timeout] Query timed out: msg id 30104
[Timeout] Query timed out: msg id 30547
[Timeout] Query timed out: msg id 30548
[Timeout] Query timed out: msg id 30551
[Timeout] Query timed out: msg id 30552
[Timeout] Query timed out: msg id 30554
[Timeout] Query timed out: msg id 30555
[Timeout] Query timed out: msg id 30691
[Timeout] Query timed out: msg id 35850
[Timeout] Query timed out: msg id 35851
[Timeout] Query timed out: msg id 35852
[Timeout] Query timed out: msg id 35853
[Timeout] Query timed out: msg id 35854
[Timeout] Query timed out: msg id 35855
[Timeout] Query timed out: msg id 35856
[Timeout] Query timed out: msg id 35857
[Timeout] Query timed out: msg id 35858
[Timeout] Query timed out: msg id 35859
[Timeout] Query timed out: msg id 35860
[Timeout] Query timed out: msg id 35861
[Timeout] Query timed out: msg id 35862
[Timeout] Query timed out: msg id 35863
[Timeout] Query timed out: msg id 35864
[Timeout] Query timed out: msg id 36373
[Timeout] Query timed out: msg id 36374
[Timeout] Query timed out: msg id 36375
[Timeout] Query timed out: msg id 36376
[Timeout] Query timed out: msg id 36377
[Timeout] Query timed out: msg id 36378
[Timeout] Query timed out: msg id 36379
[Timeout] Query timed out: msg id 36380
[Timeout] Query timed out: msg id 36381
[Timeout] Query timed out: msg id 36518
[Timeout] Query timed out: msg id 36519
[Timeout] Query timed out: msg id 36520
[Timeout] Query timed out: msg id 36521
[Timeout] Query timed out: msg id 36522
[Timeout] Query timed out: msg id 36898
[Timeout] Query timed out: msg id 36899
[Timeout] Query timed out: msg id 36900
[Timeout] Query timed out: msg id 36901
[Timeout] Query timed out: msg id 36902
[Timeout] Query timed out: msg id 36903
[Timeout] Query timed out: msg id 36904
[Timeout] Query timed out: msg id 36905
[Timeout] Query timed out: msg id 36906
[Timeout] Query timed out: msg id 36907
[Timeout] Query timed out: msg id 36908
[Timeout] Query timed out: msg id 36909
[Timeout] Query timed out: msg id 36910
[Timeout] Query timed out: msg id 36911
[Timeout] Query timed out: msg id 36912
[Timeout] Query timed out: msg id 36913
[Timeout] Query timed out: msg id 36914
[Timeout] Query timed out: msg id 36915
[Timeout] Query timed out: msg id 37588
[Timeout] Query timed out: msg id 37589
[Timeout] Query timed out: msg id 37590
[Timeout] Query timed out: msg id 38488
[Timeout] Query timed out: msg id 38489
[Timeout] Query timed out: msg id 38490
[Timeout] Query timed out: msg id 38491
[Timeout] Query timed out: msg id 38492
[Timeout] Query timed out: msg id 38493
[Timeout] Query timed out: msg id 38494
[Timeout] Query timed out: msg id 38495
[Timeout] Query timed out: msg id 38496
[Timeout] Query timed out: msg id 38497
[Timeout] Query timed out: msg id 38498
[Timeout] Query timed out: msg id 38499
[Timeout] Query timed out: msg id 38500
[Timeout] Query timed out: msg id 38501
[Timeout] Query timed out: msg id 38502
[Timeout] Query timed out: msg id 38503
[Timeout] Query timed out: msg id 38504
[Timeout] Query timed out: msg id 38505
[Timeout] Query timed out: msg id 38506
[Timeout] Query timed out: msg id 38507
[Timeout] Query timed out: msg id 38508
[Timeout] Query timed out: msg id 38509
[Timeout] Query timed out: msg id 39763
[Timeout] Query timed out: msg id 44288
[Timeout] Query timed out: msg id 45315
[Timeout] Query timed out: msg id 45316
[Timeout] Query timed out: msg id 45317
[Timeout] Query timed out: msg id 45318
[Timeout] Query timed out: msg id 45319
[Timeout] Query timed out: msg id 45320
[Timeout] Query timed out: msg id 45321
[Timeout] Query timed out: msg id 45322
[Timeout] Query timed out: msg id 45323
[Timeout] Query timed out: msg id 45324
[Timeout] Query timed out: msg id 45325
[Timeout] Query timed out: msg id 45326
[Timeout] Query timed out: msg id 45327
[Timeout] Query timed out: msg id 45328
[Timeout] Query timed out: msg id 46342
[Timeout] Query timed out: msg id 46343
[Timeout] Query timed out: msg id 46344
[Timeout] Query timed out: msg id 46345
[Timeout] Query timed out: msg id 46346
[Timeout] Query timed out: msg id 46347
[Timeout] Query timed out: msg id 46348
[Timeout] Query timed out: msg id 47396
[Timeout] Query timed out: msg id 47397
[Timeout] Query timed out: msg id 47398
[Timeout] Query timed out: msg id 47399
[Timeout] Query timed out: msg id 47400
[Timeout] Query timed out: msg id 47676
[Timeout] Query timed out: msg id 47679
[Timeout] Query timed out: msg id 47682
[Timeout] Query timed out: msg id 47685
[Timeout] Query timed out: msg id 47809
[Timeout] Query timed out: msg id 51586
[Timeout] Query timed out: msg id 51587
[Timeout] Query timed out: msg id 54260
[Timeout] Query timed out: msg id 54261
[Timeout] Query timed out: msg id 54262
[Timeout] Query timed out: msg id 54263
[Timeout] Query timed out: msg id 54264
[Timeout] Query timed out: msg id 54265
[Timeout] Query timed out: msg id 54266
[Timeout] Query timed out: msg id 54267
[Timeout] Query timed out: msg id 54268
[Timeout] Query timed out: msg id 54269
[Timeout] Query timed out: msg id 54270
[Timeout] Query timed out: msg id 54271
[Timeout] Query timed out: msg id 54272
[Timeout] Query timed out: msg id 54273
[Timeout] Query timed out: msg id 54274
[Timeout] Query timed out: msg id 54275
[Timeout] Query timed out: msg id 54276
[Timeout] Query timed out: msg id 54749
[Timeout] Query timed out: msg id 54750
[Timeout] Query timed out: msg id 54751
[Timeout] Query timed out: msg id 54752
[Timeout] Query timed out: msg id 54793
[Timeout] Query timed out: msg id 54794
[Timeout] Query timed out: msg id 54795
[Timeout] Query timed out: msg id 60632
[Timeout] Query timed out: msg id 60633
[Timeout] Query timed out: msg id 60634
[Timeout] Query timed out: msg id 60635
[Timeout] Query timed out: msg id 60636
[Timeout] Query timed out: msg id 60637
[Timeout] Query timed out: msg id 60638
[Timeout] Query timed out: msg id 60639
[Timeout] Query timed out: msg id 60640
[Timeout] Query timed out: msg id 60641
[Timeout] Query timed out: msg id 60642
[Timeout] Query timed out: msg id 60643
[Timeout] Query timed out: msg id 60644
[Timeout] Query timed out: msg id 60645
[Timeout] Query timed out: msg id 60646
[Timeout] Query timed out: msg id 60647
[Timeout] Query timed out: msg id 60648
[Timeout] Query timed out: msg id 60649
[Timeout] Query timed out: msg id 60650
[Timeout] Query timed out: msg id 62675
[Timeout] Query timed out: msg id 62678
[Timeout] Query timed out: msg id 62679
[Timeout] Query timed out: msg id 62680
[Timeout] Query timed out: msg id 62681
[Timeout] Query timed out: msg id 62682
[Timeout] Query timed out: msg id 62683
[Timeout] Query timed out: msg id 62684
[Timeout] Query timed out: msg id 62685
[Timeout] Query timed out: msg id 62686
[Timeout] Query timed out: msg id 62690
[Timeout] Query timed out: msg id 62691
[Timeout] Query timed out: msg id 62697
[Timeout] Query timed out: msg id 62698
[Timeout] Query timed out: msg id 62699
[Timeout] Query timed out: msg id 62700
[Timeout] Query timed out: msg id 62703
[Timeout] Query timed out: msg id 62731
[Timeout] Query timed out: msg id 62736
[Timeout] Query timed out: msg id 62737
[Timeout] Query timed out: msg id 62738
[Timeout] Query timed out: msg id 62744
[Timeout] Query timed out: msg id 62746
[Timeout] Query timed out: msg id 62747
[Timeout] Query timed out: msg id 62749
[Timeout] Query timed out: msg id 62753
[Timeout] Query timed out: msg id 62872
[Timeout] Query timed out: msg id 63127
[Timeout] Query timed out: msg id 63128
[Timeout] Query timed out: msg id 63129
[Timeout] Query timed out: msg id 63130
[Timeout] Query timed out: msg id 63131
[Timeout] Query timed out: msg id 63132
[Timeout] Query timed out: msg id 63133
[Timeout] Query timed out: msg id 3912
[Timeout] Query timed out: msg id 3913
[Timeout] Query timed out: msg id 3914
[Timeout] Query timed out: msg id 3915
[Timeout] Query timed out: msg id 3916
[Timeout] Query timed out: msg id 3917
[Timeout] Query timed out: msg id 3918
[Timeout] Query timed out: msg id 3919
[Timeout] Query timed out: msg id 3920
[Timeout] Query timed out: msg id 3921
[Timeout] Query timed out: msg id 5019
[Timeout] Query timed out: msg id 5020
[Timeout] Query timed out: msg id 5021
[Timeout] Query timed out: msg id 5022
[Timeout] Query timed out: msg id 5023
[Timeout] Query timed out: msg id 5024
[Timeout] Query timed out: msg id 5025
[Timeout] Query timed out: msg id 5026
[Timeout] Query timed out: msg id 5027
[Timeout] Query timed out: msg id 5028
[Timeout] Query timed out: msg id 5029
[Timeout] Query timed out: msg id 5030
[Timeout] Query timed out: msg id 5031
[Timeout] Query timed out: msg id 5032
[Timeout] Query timed out: msg id 5337
[Timeout] Query timed out: msg id 3471
[Timeout] Query timed out: msg id 3472
[Timeout] Query timed out: msg id 5454
[Timeout] Query timed out: msg id 5560
[Timeout] Query timed out: msg id 5561
[Timeout] Query timed out: msg id 10259
[Timeout] Query timed out: msg id 10260
[Timeout] Query timed out: msg id 10261
[Timeout] Query timed out: msg id 10262
[Timeout] Query timed out: msg id 10263
[Timeout] Query timed out: msg id 10264
[Timeout] Query timed out: msg id 10265
[Timeout] Query timed out: msg id 10266
[Timeout] Query timed out: msg id 10267
[Timeout] Query timed out: msg id 10268
[Timeout] Query timed out: msg id 10269
[Timeout] Query timed out: msg id 10270
[Timeout] Query timed out: msg id 10271
[Timeout] Query timed out: msg id 10272
[Timeout] Query timed out: msg id 10273
[Timeout] Query timed out: msg id 10274
[Timeout] Query timed out: msg id 11827
[Timeout] Query timed out: msg id 11828
[Timeout] Query timed out: msg id 11829
[Timeout] Query timed out: msg id 11830
[Timeout] Query timed out: msg id 11831
[Timeout] Query timed out: msg id 11832
[Timeout] Query timed out: msg id 13339
[Timeout] Query timed out: msg id 13348
[Timeout] Query timed out: msg id 17879
[Timeout] Query timed out: msg id 18720
[Timeout] Query timed out: msg id 18721
[Timeout] Query timed out: msg id 18722
[Timeout] Query timed out: msg id 18723
[Timeout] Query timed out: msg id 18724
[Timeout] Query timed out: msg id 18725
[Timeout] Query timed out: msg id 18726
[Timeout] Query timed out: msg id 18727
[Timeout] Query timed out: msg id 18728
[Timeout] Query timed out: msg id 18729
[Timeout] Query timed out: msg id 18730
[Timeout] Query timed out: msg id 18731
[Timeout] Query timed out: msg id 18732
[Timeout] Query timed out: msg id 18733
[Timeout] Query timed out: msg id 19767
[Timeout] Query timed out: msg id 19768
[Timeout] Query timed out: msg id 19769
[Timeout] Query timed out: msg id 19770
[Timeout] Query timed out: msg id 19771
[Timeout] Query timed out: msg id 19772
[Timeout] Query timed out: msg id 19773
[Timeout] Query timed out: msg id 19774
[Timeout] Query timed out: msg id 19775
[Timeout] Query timed out: msg id 19776
[Timeout] Query timed out: msg id 19777
[Timeout] Query timed out: msg id 19778
[Timeout] Query timed out: msg id 19779
[Timeout] Query timed out: msg id 20110
[Timeout] Query timed out: msg id 20111
[Timeout] Query timed out: msg id 20112
[Timeout] Query timed out: msg id 20113
[Timeout] Query timed out: msg id 20114
[Timeout] Query timed out: msg id 20115
[Timeout] Query timed out: msg id 20116
[Timeout] Query timed out: msg id 20255
[Timeout] Query timed out: msg id 20256
[Timeout] Query timed out: msg id 20257
[Timeout] Query timed out: msg id 20258
[Timeout] Query timed out: msg id 20259
[Timeout] Query timed out: msg id 20260
[Timeout] Query timed out: msg id 20261
[Timeout] Query timed out: msg id 20262
[Timeout] Query timed out: msg id 20263
[Timeout] Query timed out: msg id 20264
[Timeout] Query timed out: msg id 20265
[Timeout] Query timed out: msg id 20266
[Timeout] Query timed out: msg id 20267
[Timeout] Query timed out: msg id 20268
[Timeout] Query timed out: msg id 20269
[Timeout] Query timed out: msg id 20270
[Timeout] Query timed out: msg id 20271
[Timeout] Query timed out: msg id 20272
[Timeout] Query timed out: msg id 20274
[Timeout] Query timed out: msg id 20275
[Timeout] Query timed out: msg id 20276
[Timeout] Query timed out: msg id 20277
[Timeout] Query timed out: msg id 20278
[Timeout] Query timed out: msg id 20279
[Timeout] Query timed out: msg id 20654
[Timeout] Query timed out: msg id 21160
[Timeout] Query timed out: msg id 21161
[Timeout] Query timed out: msg id 21162
[Timeout] Query timed out: msg id 21163
[Timeout] Query timed out: msg id 21164
[Timeout] Query timed out: msg id 21165
[Timeout] Query timed out: msg id 21337
[Timeout] Query timed out: msg id 21338
[Timeout] Query timed out: msg id 21339
[Timeout] Query timed out: msg id 21340
[Timeout] Query timed out: msg id 21343
[Timeout] Query timed out: msg id 21344
[Timeout] Query timed out: msg id 21452
[Timeout] Query timed out: msg id 21454
[Timeout] Query timed out: msg id 22240
[Timeout] Query timed out: msg id 22241
[Timeout] Query timed out: msg id 22242
[Timeout] Query timed out: msg id 22243
[Timeout] Query timed out: msg id 22244
[Timeout] Query timed out: msg id 22245
[Timeout] Query timed out: msg id 22246
[Timeout] Query timed out: msg id 22247
[Timeout] Query timed out: msg id 22248
[Timeout] Query timed out: msg id 22249
[Timeout] Query timed out: msg id 22250
[Timeout] Query timed out: msg id 22251
[Timeout] Query timed out: msg id 22252
[Timeout] Query timed out: msg id 23834
[Timeout] Query timed out: msg id 23835
[Timeout] Query timed out: msg id 23836
[Timeout] Query timed out: msg id 23837
[Timeout] Query timed out: msg id 23838
[Timeout] Query timed out: msg id 23839
[Timeout] Query timed out: msg id 23840
[Timeout] Query timed out: msg id 23841
[Timeout] Query timed out: msg id 23842
[Timeout] Query timed out: msg id 23843
[Timeout] Query timed out: msg id 23844
[Timeout] Query timed out: msg id 23845
[Timeout] Query timed out: msg id 23846
[Timeout] Query timed out: msg id 23847
[Timeout] Query timed out: msg id 23848
[Timeout] Query timed out: msg id 23849
[Timeout] Query timed out: msg id 23850
[Timeout] Query timed out: msg id 23851
[Timeout] Query timed out: msg id 25074
[Timeout] Query timed out: msg id 25439
[Timeout] Query timed out: msg id 25440
[Timeout] Query timed out: msg id 25441
[Timeout] Query timed out: msg id 25442
[Timeout] Query timed out: msg id 25443
[Timeout] Query timed out: msg id 25444
[Timeout] Query timed out: msg id 25445
[Timeout] Query timed out: msg id 25446
[Timeout] Query timed out: msg id 25447
[Timeout] Query timed out: msg id 25448
[Timeout] Query timed out: msg id 25449
[Timeout] Query timed out: msg id 25450
[Timeout] Query timed out: msg id 25451
[Timeout] Query timed out: msg id 25452
[Timeout] Query timed out: msg id 25453
[Timeout] Query timed out: msg id 25454
[Timeout] Query timed out: msg id 25455
[Timeout] Query timed out: msg id 25456
[Timeout] Query timed out: msg id 25457
[Timeout] Query timed out: msg id 26956
[Timeout] Query timed out: msg id 26984
[Timeout] Query timed out: msg id 26985
[Timeout] Query timed out: msg id 26986
[Timeout] Query timed out: msg id 26987
[Timeout] Query timed out: msg id 26988
[Timeout] Query timed out: msg id 26989
[Timeout] Query timed out: msg id 26990
[Timeout] Query timed out: msg id 26991
[Timeout] Query timed out: msg id 26992
[Timeout] Query timed out: msg id 26993
[Timeout] Query timed out: msg id 26994
[Timeout] Query timed out: msg id 26995
[Timeout] Query timed out: msg id 26996
[Timeout] Query timed out: msg id 26997
[Timeout] Query timed out: msg id 26998
[Timeout] Query timed out: msg id 26999
[Timeout] Query timed out: msg id 28643
[Timeout] Query timed out: msg id 28644
[Timeout] Query timed out: msg id 28645
[Timeout] Query timed out: msg id 28646
[Timeout] Query timed out: msg id 28647
[Timeout] Query timed out: msg id 28648
[Timeout] Query timed out: msg id 28649
[Timeout] Query timed out: msg id 28650
[Timeout] Query timed out: msg id 28651
[Timeout] Query timed out: msg id 28652
[Timeout] Query timed out: msg id 28653
[Timeout] Query timed out: msg id 28654
[Timeout] Query timed out: msg id 28655
[Timeout] Query timed out: msg id 28656
[Timeout] Query timed out: msg id 28657
[Timeout] Query timed out: msg id 28658
[Timeout] Query timed out: msg id 28659
[Timeout] Query timed out: msg id 29434
[Timeout] Query timed out: msg id 29439
[Timeout] Query timed out: msg id 29445
[Timeout] Query timed out: msg id 29446
[Timeout] Query timed out: msg id 29604
[Timeout] Query timed out: msg id 29605
[Timeout] Query timed out: msg id 29645
[Timeout] Query timed out: msg id 32389
[Timeout] Query timed out: msg id 32390
[Timeout] Query timed out: msg id 32391
[Timeout] Query timed out: msg id 32392
[Timeout] Query timed out: msg id 32393
[Timeout] Query timed out: msg id 32394
[Timeout] Query timed out: msg id 32395
[Timeout] Query timed out: msg id 32396
[Timeout] Query timed out: msg id 32397
[Timeout] Query timed out: msg id 32747
[Timeout] Query timed out: msg id 32748
[Timeout] Query timed out: msg id 32749
[Timeout] Query timed out: msg id 32750
[Timeout] Query timed out: msg id 32751
[Timeout] Query timed out: msg id 32752
[Timeout] Query timed out: msg id 32753
[Timeout] Query timed out: msg id 32754
[Timeout] Query timed out: msg id 32755
[Timeout] Query timed out: msg id 32756
[Timeout] Query timed out: msg id 32757
[Timeout] Query timed out: msg id 32758
[Timeout] Query timed out: msg id 32759
[Timeout] Query timed out: msg id 32760
[Timeout] Query timed out: msg id 32761
[Timeout] Query timed out: msg id 32762
[Timeout] Query timed out: msg id 32763
[Timeout] Query timed out: msg id 33298
[Timeout] Query timed out: msg id 33299
[Timeout] Query timed out: msg id 33300
[Timeout] Query timed out: msg id 33301
[Timeout] Query timed out: msg id 33302
[Timeout] Query timed out: msg id 33303
[Timeout] Query timed out: msg id 33304
[Timeout] Query timed out: msg id 33305
[Timeout] Query timed out: msg id 33306
[Timeout] Query timed out: msg id 33307
[Timeout] Query timed out: msg id 33308
[Timeout] Query timed out: msg id 33443
[Timeout] Query timed out: msg id 33444
[Timeout] Query timed out: msg id 33445
[Timeout] Query timed out: msg id 33446
[Timeout] Query timed out: msg id 33447
[Timeout] Query timed out: msg id 33448
[Timeout] Query timed out: msg id 33449
[Timeout] Query timed out: msg id 33450
[Timeout] Query timed out: msg id 33451
[Timeout] Query timed out: msg id 33452
[Timeout] Query timed out: msg id 33453
[Timeout] Query timed out: msg id 33454
[Timeout] Query timed out: msg id 33455
[Timeout] Query timed out: msg id 33456
[Timeout] Query timed out: msg id 33457
[Timeout] Query timed out: msg id 35845
[Timeout] Query timed out: msg id 35846
[Timeout] Query timed out: msg id 35847
[Timeout] Query timed out: msg id 35848
[Timeout] Query timed out: msg id 35849
[Timeout] Query timed out: msg id 35865
[Timeout] Query timed out: msg id 35866
[Timeout] Query timed out: msg id 35867
[Timeout] Query timed out: msg id 35868
[Timeout] Query timed out: msg id 35869
[Timeout] Query timed out: msg id 35870
[Timeout] Query timed out: msg id 35871
[Timeout] Query timed out: msg id 35872
[Timeout] Query timed out: msg id 35873
[Timeout] Query timed out: msg id 35874
[Timeout] Query timed out: msg id 35875
[Timeout] Query timed out: msg id 35876
[Timeout] Query timed out: msg id 35877
[Timeout] Query timed out: msg id 35878
[Timeout] Query timed out: msg id 35879
[Timeout] Query timed out: msg id 35880
[Timeout] Query timed out: msg id 35881
[Timeout] Query timed out: msg id 35882
[Timeout] Query timed out: msg id 35883
[Timeout] Query timed out: msg id 35884
[Timeout] Query timed out: msg id 35885
[Timeout] Query timed out: msg id 35886
[Timeout] Query timed out: msg id 35887
[Timeout] Query timed out: msg id 35888
[Timeout] Query timed out: msg id 35889
[Timeout] Query timed out: msg id 35890
[Timeout] Query timed out: msg id 35891
[Timeout] Query timed out: msg id 35892
[Timeout] Query timed out: msg id 35893
[Timeout] Query timed out: msg id 35894
[Timeout] Query timed out: msg id 35895
[Timeout] Query timed out: msg id 35896
[Timeout] Query timed out: msg id 36019
[Timeout] Query timed out: msg id 36020
[Timeout] Query timed out: msg id 36021
[Timeout] Query timed out: msg id 36022
[Timeout] Query timed out: msg id 36023
[Timeout] Query timed out: msg id 36024
[Timeout] Query timed out: msg id 36025
[Timeout] Query timed out: msg id 36026
[Timeout] Query timed out: msg id 36027
[Timeout] Query timed out: msg id 36028
[Timeout] Query timed out: msg id 36399
[Timeout] Query timed out: msg id 36400
[Timeout] Query timed out: msg id 36401
[Timeout] Query timed out: msg id 36402
[Timeout] Query timed out: msg id 36403
[Timeout] Query timed out: msg id 36404
[Timeout] Query timed out: msg id 36405
[Timeout] Query timed out: msg id 36406
[Timeout] Query timed out: msg id 36407
[Timeout] Query timed out: msg id 36408
[Timeout] Query timed out: msg id 36409
[Timeout] Query timed out: msg id 36410
[Timeout] Query timed out: msg id 36411
[Timeout] Query timed out: msg id 36412
[Timeout] Query timed out: msg id 36413
[Timeout] Query timed out: msg id 36414
[Timeout] Query timed out: msg id 36415
[Timeout] Query timed out: msg id 36416
[Timeout] Query timed out: msg id 36417
[Timeout] Query timed out: msg id 36418
[Timeout] Query timed out: msg id 36419
[Timeout] Query timed out: msg id 36420
[Timeout] Query timed out: msg id 36421
[Timeout] Query timed out: msg id 36422
[Timeout] Query timed out: msg id 36423
[Timeout] Query timed out: msg id 36424
[Timeout] Query timed out: msg id 36425
[Timeout] Query timed out: msg id 36426
[Timeout] Query timed out: msg id 36427
[Timeout] Query timed out: msg id 36428
[Timeout] Query timed out: msg id 36429
[Timeout] Query timed out: msg id 36430
[Timeout] Query timed out: msg id 36431
[Timeout] Query timed out: msg id 36432
[Timeout] Query timed out: msg id 36433
[Timeout] Query timed out: msg id 36434
[Timeout] Query timed out: msg id 36435
[Timeout] Query timed out: msg id 36436
[Timeout] Query timed out: msg id 36437
[Timeout] Query timed out: msg id 36438
[Timeout] Query timed out: msg id 36439
[Timeout] Query timed out: msg id 36440
[Timeout] Query timed out: msg id 36441
[Timeout] Query timed out: msg id 36442
[Timeout] Query timed out: msg id 36443
[Timeout] Query timed out: msg id 36444
[Timeout] Query timed out: msg id 36445
[Timeout] Query timed out: msg id 36446
[Timeout] Query timed out: msg id 36447
[Timeout] Query timed out: msg id 36448
[Timeout] Query timed out: msg id 36449
[Timeout] Query timed out: msg id 36450
[Timeout] Query timed out: msg id 36451
[Timeout] Query timed out: msg id 36452
[Timeout] Query timed out: msg id 36453
[Timeout] Query timed out: msg id 36454
[Timeout] Query timed out: msg id 36455
[Timeout] Query timed out: msg id 36456
[Timeout] Query timed out: msg id 36457
[Timeout] Query timed out: msg id 36458
[Timeout] Query timed out: msg id 36459
[Timeout] Query timed out: msg id 36460
[Timeout] Query timed out: msg id 36461
[Timeout] Query timed out: msg id 36462
[Timeout] Query timed out: msg id 36463
[Timeout] Query timed out: msg id 36464
[Timeout] Query timed out: msg id 36465
[Timeout] Query timed out: msg id 36466
[Timeout] Query timed out: msg id 36467
[Timeout] Query timed out: msg id 36468
[Timeout] Query timed out: msg id 36946
[Timeout] Query timed out: msg id 36947
[Timeout] Query timed out: msg id 36948
[Timeout] Query timed out: msg id 36949
[Timeout] Query timed out: msg id 36950
[Timeout] Query timed out: msg id 36951
[Timeout] Query timed out: msg id 36952
[Timeout] Query timed out: msg id 36953
[Timeout] Query timed out: msg id 36954
[Timeout] Query timed out: msg id 36955
[Timeout] Query timed out: msg id 36956
[Timeout] Query timed out: msg id 36957
[Timeout] Query timed out: msg id 36958
[Timeout] Query timed out: msg id 36959
[Timeout] Query timed out: msg id 36960
[Timeout] Query timed out: msg id 36961
[Timeout] Query timed out: msg id 37514
[Timeout] Query timed out: msg id 37517
[Timeout] Query timed out: msg id 37518
[Timeout] Query timed out: msg id 37519
[Timeout] Query timed out: msg id 40581
[Timeout] Query timed out: msg id 40582
[Timeout] Query timed out: msg id 40583
[Timeout] Query timed out: msg id 40584
[Timeout] Query timed out: msg id 40585
[Timeout] Query timed out: msg id 40586
[Timeout] Query timed out: msg id 40587
[Timeout] Query timed out: msg id 40588
[Timeout] Query timed out: msg id 40589
[Timeout] Query timed out: msg id 40590
[Timeout] Query timed out: msg id 40591
[Timeout] Query timed out: msg id 40592
[Timeout] Query timed out: msg id 40593
[Timeout] Query timed out: msg id 40594
[Timeout] Query timed out: msg id 40595
[Timeout] Query timed out: msg id 40596
[Timeout] Query timed out: msg id 40597
[Timeout] Query timed out: msg id 40598
[Timeout] Query timed out: msg id 41243
[Timeout] Query timed out: msg id 41244
[Timeout] Query timed out: msg id 41245
[Timeout] Query timed out: msg id 42673
[Timeout] Query timed out: msg id 42674
[Timeout] Query timed out: msg id 42675
[Timeout] Query timed out: msg id 42676
[Timeout] Query timed out: msg id 42677
[Timeout] Query timed out: msg id 42678
[Timeout] Query timed out: msg id 42679
[Timeout] Query timed out: msg id 42680
[Timeout] Query timed out: msg id 42681
[Timeout] Query timed out: msg id 42682
[Timeout] Query timed out: msg id 42683
[Timeout] Query timed out: msg id 42684
[Timeout] Query timed out: msg id 42685
[Timeout] Query timed out: msg id 43362
[Timeout] Query timed out: msg id 43363
[Timeout] Query timed out: msg id 43364
[Timeout] Query timed out: msg id 43365
[Timeout] Query timed out: msg id 43366
[Timeout] Query timed out: msg id 43367
[Timeout] Query timed out: msg id 43368
[Timeout] Query timed out: msg id 43369
[Timeout] Query timed out: msg id 43370
[Timeout] Query timed out: msg id 43371
[Timeout] Query timed out: msg id 43372
[Timeout] Query timed out: msg id 43373
[Timeout] Query timed out: msg id 43714
[Timeout] Query timed out: msg id 45545
[Timeout] Query timed out: msg id 45627
[Timeout] Query timed out: msg id 46896
[Timeout] Query timed out: msg id 46897
[Timeout] Query timed out: msg id 46898
[Timeout] Query timed out: msg id 46899
[Timeout] Query timed out: msg id 46900
[Timeout] Query timed out: msg id 46901
[Timeout] Query timed out: msg id 46902
[Timeout] Query timed out: msg id 46903
[Timeout] Query timed out: msg id 46904
[Timeout] Query timed out: msg id 46905
[Timeout] Query timed out: msg id 46906
[Timeout] Query timed out: msg id 46907
[Timeout] Query timed out: msg id 46908
[Timeout] Query timed out: msg id 46909
[Timeout] Query timed out: msg id 46910
[Timeout] Query timed out: msg id 46911
[Timeout] Query timed out: msg id 46912
[Timeout] Query timed out: msg id 46913
[Timeout] Query timed out: msg id 46914
[Timeout] Query timed out: msg id 46915
[Timeout] Query timed out: msg id 47393
[Timeout] Query timed out: msg id 47394
[Timeout] Query timed out: msg id 47395
[Timeout] Query timed out: msg id 47401
[Timeout] Query timed out: msg id 47402
[Timeout] Query timed out: msg id 47403
[Timeout] Query timed out: msg id 47404
[Timeout] Query timed out: msg id 47405
[Timeout] Query timed out: msg id 49894
[Timeout] Query timed out: msg id 50539
[Timeout] Query timed out: msg id 50540
[Timeout] Query timed out: msg id 50541
[Timeout] Query timed out: msg id 50542
[Timeout] Query timed out: msg id 50543
[Timeout] Query timed out: msg id 50544
[Timeout] Query timed out: msg id 50545
[Timeout] Query timed out: msg id 50546
[Timeout] Query timed out: msg id 50547
[Timeout] Query timed out: msg id 50548
[Timeout] Query timed out: msg id 50549
[Timeout] Query timed out: msg id 50550
[Timeout] Query timed out: msg id 50551
[Timeout] Query timed out: msg id 50552
[Timeout] Query timed out: msg id 50553
[Timeout] Query timed out: msg id 50554
[Timeout] Query timed out: msg id 50555
[Timeout] Query timed out: msg id 50556
[Timeout] Query timed out: msg id 50557
[Timeout] Query timed out: msg id 51538
[Timeout] Query timed out: msg id 51539
[Timeout] Query timed out: msg id 51593
[Timeout] Query timed out: msg id 51594
[Timeout] Query timed out: msg id 51595
[Timeout] Query timed out: msg id 51596
[Timeout] Query timed out: msg id 51597
[Timeout] Query timed out: msg id 51598
[Timeout] Query timed out: msg id 51599
[Timeout] Query timed out: msg id 51600
[Timeout] Query timed out: msg id 51601
[Timeout] Query timed out: msg id 51602
[Timeout] Query timed out: msg id 51603
[Timeout] Query timed out: msg id 51604
[Timeout] Query timed out: msg id 51605
[Timeout] Query timed out: msg id 51606
[Timeout] Query timed out: msg id 52652
[Timeout] Query timed out: msg id 52653
[Timeout] Query timed out: msg id 52654
[Timeout] Query timed out: msg id 52655
[Timeout] Query timed out: msg id 52656
[Timeout] Query timed out: msg id 52657
[Timeout] Query timed out: msg id 52658
[Timeout] Query timed out: msg id 52659
[Timeout] Query timed out: msg id 53164
[Timeout] Query timed out: msg id 53165
[Timeout] Query timed out: msg id 53166
[Timeout] Query timed out: msg id 53167
[Timeout] Query timed out: msg id 53168
[Timeout] Query timed out: msg id 53169
[Timeout] Query timed out: msg id 53170
[Timeout] Query timed out: msg id 53171
[Timeout] Query timed out: msg id 53172
[Timeout] Query timed out: msg id 53173
[Timeout] Query timed out: msg id 53174
[Timeout] Query timed out: msg id 53175
[Timeout] Query timed out: msg id 53176
[Timeout] Query timed out: msg id 53588
[Timeout] Query timed out: msg id 55834
[Timeout] Query timed out: msg id 55835
[Timeout] Query timed out: msg id 55836
[Timeout] Query timed out: msg id 55837
[Timeout] Query timed out: msg id 55838
[Timeout] Query timed out: msg id 55839
[Timeout] Query timed out: msg id 55840
[Timeout] Query timed out: msg id 55841
[Timeout] Query timed out: msg id 55842
[Timeout] Query timed out: msg id 55843
[Timeout] Query timed out: msg id 55844
[Timeout] Query timed out: msg id 55845
[Timeout] Query timed out: msg id 55846
[Timeout] Query timed out: msg id 55847
[Timeout] Query timed out: msg id 55848
[Timeout] Query timed out: msg id 55849
[Timeout] Query timed out: msg id 55850
[Timeout] Query timed out: msg id 56334
[Timeout] Query timed out: msg id 56335
[Timeout] Query timed out: msg id 56336
[Timeout] Query timed out: msg id 56337
[Timeout] Query timed out: msg id 56338
[Timeout] Query timed out: msg id 56339
[Timeout] Query timed out: msg id 56340
[Timeout] Query timed out: msg id 56341
[Timeout] Query timed out: msg id 56342
[Timeout] Query timed out: msg id 56343
[Timeout] Query timed out: msg id 56344
[Timeout] Query timed out: msg id 56345
[Timeout] Query timed out: msg id 56346
[Timeout] Query timed out: msg id 56347
[Timeout] Query timed out: msg id 56348
[Timeout] Query timed out: msg id 56488
[Timeout] Query timed out: msg id 56489
[Timeout] Query timed out: msg id 56490
[Timeout] Query timed out: msg id 56491
[Timeout] Query timed out: msg id 56492
[Timeout] Query timed out: msg id 56493
[Timeout] Query timed out: msg id 56494
[Timeout] Query timed out: msg id 56495
[Timeout] Query timed out: msg id 56496
[Timeout] Query timed out: msg id 56833
[Timeout] Query timed out: msg id 56834
[Timeout] Query timed out: msg id 56835
[Timeout] Query timed out: msg id 56836
[Timeout] Query timed out: msg id 56837
[Timeout] Query timed out: msg id 56838
[Timeout] Query timed out: msg id 56839
[Timeout] Query timed out: msg id 56840
[Timeout] Query timed out: msg id 56841
[Timeout] Query timed out: msg id 56842
[Timeout] Query timed out: msg id 56843
[Timeout] Query timed out: msg id 56844
[Timeout] Query timed out: msg id 56845
[Timeout] Query timed out: msg id 56846
[Timeout] Query timed out: msg id 56847
[Timeout] Query timed out: msg id 56848
[Timeout] Query timed out: msg id 58948
[Timeout] Query timed out: msg id 59490
[Timeout] Query timed out: msg id 59491
[Timeout] Query timed out: msg id 59492
[Timeout] Query timed out: msg id 59493
[Timeout] Query timed out: msg id 59494
[Timeout] Query timed out: msg id 59495
[Timeout] Query timed out: msg id 59496
[Timeout] Query timed out: msg id 59497
[Timeout] Query timed out: msg id 59498
[Timeout] Query timed out: msg id 61311
[Timeout] Query timed out: msg id 61612
[Timeout] Query timed out: msg id 61613
[Timeout] Query timed out: msg id 61614
[Timeout] Query timed out: msg id 61616
[Timeout] Query timed out: msg id 61617
[Timeout] Query timed out: msg id 64722
[Timeout] Query timed out: msg id 64723
[Timeout] Query timed out: msg id 64724
[Timeout] Query timed out: msg id 64725
[Timeout] Query timed out: msg id 64726
[Timeout] Query timed out: msg id 64727
[Timeout] Query timed out: msg id 64728
[Timeout] Query timed out: msg id 64729
[Timeout] Query timed out: msg id 64730
[Timeout] Query timed out: msg id 64731
[Timeout] Query timed out: msg id 64732
[Timeout] Query timed out: msg id 64733
[Timeout] Query timed out: msg id 64734
[Timeout] Query timed out: msg id 62872
[Timeout] Query timed out: msg id 64735
[Timeout] Query timed out: msg id 65064
[Timeout] Query timed out: msg id 4183
[Timeout] Query timed out: msg id 4188
[Timeout] Query timed out: msg id 4289
[Timeout] Query timed out: msg id 4291
[Timeout] Query timed out: msg id 4292
[Timeout] Query timed out: msg id 5739
[Timeout] Query timed out: msg id 5740
[Timeout] Query timed out: msg id 5741
[Timeout] Query timed out: msg id 5742
[Timeout] Query timed out: msg id 5743
[Timeout] Query timed out: msg id 5744
[Timeout] Query timed out: msg id 5745
[Timeout] Query timed out: msg id 5746
[Timeout] Query timed out: msg id 5747
[Timeout] Query timed out: msg id 5748
[Timeout] Query timed out: msg id 5749
[Timeout] Query timed out: msg id 6070
[Timeout] Query timed out: msg id 6071
[Timeout] Query timed out: msg id 6072
[Timeout] Query timed out: msg id 6073
[Timeout] Query timed out: msg id 6074
[Timeout] Query timed out: msg id 6075
[Timeout] Query timed out: msg id 6076
[Timeout] Query timed out: msg id 6077
[Timeout] Query timed out: msg id 6078
[Timeout] Query timed out: msg id 6079
[Timeout] Query timed out: msg id 6080
[Timeout] Query timed out: msg id 6081
[Timeout] Query timed out: msg id 6082
[Timeout] Query timed out: msg id 9174
[Timeout] Query timed out: msg id 9175
[Timeout] Query timed out: msg id 9176
[Timeout] Query timed out: msg id 9177
[Timeout] Query timed out: msg id 9178
[Timeout] Query timed out: msg id 9179
[Timeout] Query timed out: msg id 9180
[Timeout] Query timed out: msg id 9181
[Timeout] Query timed out: msg id 9182
[Timeout] Query timed out: msg id 10784
[Timeout] Query timed out: msg id 10785
[Timeout] Query timed out: msg id 10786
[Timeout] Query timed out: msg id 10787
[Timeout] Query timed out: msg id 10788
[Timeout] Query timed out: msg id 10789
[Timeout] Query timed out: msg id 10790
[Timeout] Query timed out: msg id 10791
[Timeout] Query timed out: msg id 10792
[Timeout] Query timed out: msg id 10793
[Timeout] Query timed out: msg id 10794
[Timeout] Query timed out: msg id 10795
[Timeout] Query timed out: msg id 10796
[Timeout] Query timed out: msg id 10797
[Timeout] Query timed out: msg id 12206
[Timeout] Query timed out: msg id 12329
[Timeout] Query timed out: msg id 12333
[Timeout] Query timed out: msg id 14398
[Timeout] Query timed out: msg id 14399
[Timeout] Query timed out: msg id 14400
[Timeout] Query timed out: msg id 14401
[Timeout] Query timed out: msg id 14402
[Timeout] Query timed out: msg id 14403
[Timeout] Query timed out: msg id 14404
[Timeout] Query timed out: msg id 15059
[Timeout] Query timed out: msg id 15060
[Timeout] Query timed out: msg id 15061
[Timeout] Query timed out: msg id 15062
[Timeout] Query timed out: msg id 15063
[Timeout] Query timed out: msg id 15064
[Timeout] Query timed out: msg id 15065
[Timeout] Query timed out: msg id 15066
[Timeout] Query timed out: msg id 15067
[Timeout] Query timed out: msg id 15068
[Timeout] Query timed out: msg id 15069
[Timeout] Query timed out: msg id 15070
[Timeout] Query timed out: msg id 15071
[Timeout] Query timed out: msg id 15072
[Timeout] Query timed out: msg id 15073
[Timeout] Query timed out: msg id 15074
[Timeout] Query timed out: msg id 15075
[Timeout] Query timed out: msg id 17543
[Timeout] Query timed out: msg id 17544
[Timeout] Query timed out: msg id 17545
[Timeout] Query timed out: msg id 17546
[Timeout] Query timed out: msg id 17547
[Timeout] Query timed out: msg id 17548
[Timeout] Query timed out: msg id 17549
[Timeout] Query timed out: msg id 17550
[Timeout] Query timed out: msg id 17551
[Timeout] Query timed out: msg id 17552
[Timeout] Query timed out: msg id 18106
[Timeout] Query timed out: msg id 18107
[Timeout] Query timed out: msg id 18108
[Timeout] Query timed out: msg id 18109
[Timeout] Query timed out: msg id 18110
[Timeout] Query timed out: msg id 18111
[Timeout] Query timed out: msg id 18112
[Timeout] Query timed out: msg id 18113
[Timeout] Query timed out: msg id 20227
[Timeout] Query timed out: msg id 20232
[Timeout] Query timed out: msg id 20374
[Timeout] Query timed out: msg id 22264
[Timeout] Query timed out: msg id 22265
[Timeout] Query timed out: msg id 22266
[Timeout] Query timed out: msg id 22267
[Timeout] Query timed out: msg id 22268
[Timeout] Query timed out: msg id 22269
[Timeout] Query timed out: msg id 22270
[Timeout] Query timed out: msg id 22271
[Timeout] Query timed out: msg id 22272
[Timeout] Query timed out: msg id 22273
[Timeout] Query timed out: msg id 22274
[Timeout] Query timed out: msg id 22275
[Timeout] Query timed out: msg id 22276
[Timeout] Query timed out: msg id 22277
[Timeout] Query timed out: msg id 22278
[Timeout] Query timed out: msg id 22279
[Timeout] Query timed out: msg id 22949
[Timeout] Query timed out: msg id 22950
[Timeout] Query timed out: msg id 22951
[Timeout] Query timed out: msg id 22952
[Timeout] Query timed out: msg id 22953
[Timeout] Query timed out: msg id 22954
[Timeout] Query timed out: msg id 22955
[Timeout] Query timed out: msg id 22956
[Timeout] Query timed out: msg id 22957
[Timeout] Query timed out: msg id 22958
[Timeout] Query timed out: msg id 22959
[Timeout] Query timed out: msg id 22960
[Timeout] Query timed out: msg id 22961
[Timeout] Query timed out: msg id 22962
[Timeout] Query timed out: msg id 22963
[Timeout] Query timed out: msg id 22964
[Timeout] Query timed out: msg id 22965
[Timeout] Query timed out: msg id 22966
[Timeout] Query timed out: msg id 22967
[Timeout] Query timed out: msg id 22968
[Timeout] Query timed out: msg id 25658
[Timeout] Query timed out: msg id 27564
[Timeout] Query timed out: msg id 27565
[Timeout] Query timed out: msg id 27566
[Timeout] Query timed out: msg id 27567
[Timeout] Query timed out: msg id 27568
[Timeout] Query timed out: msg id 27569
[Timeout] Query timed out: msg id 27570
[Timeout] Query timed out: msg id 27571
[Timeout] Query timed out: msg id 27572
[Timeout] Query timed out: msg id 27573
[Timeout] Query timed out: msg id 27574
[Timeout] Query timed out: msg id 27575
[Timeout] Query timed out: msg id 27576
[Timeout] Query timed out: msg id 27577
[Timeout] Query timed out: msg id 27578
[Timeout] Query timed out: msg id 27579
[Timeout] Query timed out: msg id 27580
[Timeout] Query timed out: msg id 27581
[Timeout] Query timed out: msg id 28385
[Timeout] Query timed out: msg id 28387
[Timeout] Query timed out: msg id 28391
[Timeout] Query timed out: msg id 30125
[Timeout] Query timed out: msg id 30126
[Timeout] Query timed out: msg id 30127
[Timeout] Query timed out: msg id 30128
[Timeout] Query timed out: msg id 30129
[Timeout] Query timed out: msg id 30130
[Timeout] Query timed out: msg id 30131
[Timeout] Query timed out: msg id 30132
[Timeout] Query timed out: msg id 30133
[Timeout] Query timed out: msg id 30134
[Timeout] Query timed out: msg id 30135
[Timeout] Query timed out: msg id 30136
[Timeout] Query timed out: msg id 30137
[Timeout] Query timed out: msg id 30138
[Timeout] Query timed out: msg id 30139
[Timeout] Query timed out: msg id 30140
[Timeout] Query timed out: msg id 30141
[Timeout] Query timed out: msg id 32243
[Timeout] Query timed out: msg id 32244
[Timeout] Query timed out: msg id 32245
[Timeout] Query timed out: msg id 32246
[Timeout] Query timed out: msg id 44809
[Timeout] Query timed out: msg id 44810
[Timeout] Query timed out: msg id 44811
[Timeout] Query timed out: msg id 44812
[Timeout] Query timed out: msg id 44813
[Timeout] Query timed out: msg id 44814
[Timeout] Query timed out: msg id 44815
[Timeout] Query timed out: msg id 44816
[Timeout] Query timed out: msg id 44817
[Timeout] Query timed out: msg id 50558
[Timeout] Query timed out: msg id 50559
[Timeout] Query timed out: msg id 50560
[Timeout] Query timed out: msg id 50561
[Timeout] Query timed out: msg id 50562
[Timeout] Query timed out: msg id 50563
[Timeout] Query timed out: msg id 50564
[Timeout] Query timed out: msg id 50565
[Timeout] Query timed out: msg id 50702
[Timeout] Query timed out: msg id 52289
[Timeout] Query timed out: msg id 52290
[Timeout] Query timed out: msg id 52291
[Timeout] Query timed out: msg id 52292
[Timeout] Query timed out: msg id 52293
[Timeout] Query timed out: msg id 52294
[Timeout] Query timed out: msg id 52295
[Timeout] Query timed out: msg id 52296
[Timeout] Query timed out: msg id 52297
[Timeout] Query timed out: msg id 52298
[Timeout] Query timed out: msg id 52299
[Timeout] Query timed out: msg id 54299
[Timeout] Query timed out: msg id 54300
[Timeout] Query timed out: msg id 54301
[Timeout] Query timed out: msg id 54302
[Timeout] Query timed out: msg id 54303
[Timeout] Query timed out: msg id 54304
[Timeout] Query timed out: msg id 54305
[Timeout] Query timed out: msg id 54306
[Timeout] Query timed out: msg id 54307
[Timeout] Query timed out: msg id 54308
[Timeout] Query timed out: msg id 54309
[Timeout] Query timed out: msg id 54310
[Timeout] Query timed out: msg id 54311
[Timeout] Query timed out: msg id 54312
[Timeout] Query timed out: msg id 54313
[Timeout] Query timed out: msg id 54314
[Timeout] Query timed out: msg id 54315
[Timeout] Query timed out: msg id 54316
[Timeout] Query timed out: msg id 54453
[Timeout] Query timed out: msg id 54454
[Timeout] Query timed out: msg id 54455
[Timeout] Query timed out: msg id 54456
[Timeout] Query timed out: msg id 54457
[Timeout] Query timed out: msg id 56366
[Timeout] Query timed out: msg id 56367
[Timeout] Query timed out: msg id 56368
[Timeout] Query timed out: msg id 56369
[Timeout] Query timed out: msg id 56370
[Timeout] Query timed out: msg id 56371
[Timeout] Query timed out: msg id 56520
[Timeout] Query timed out: msg id 56521
[Timeout] Query timed out: msg id 56522
[Timeout] Query timed out: msg id 56889
[Timeout] Query timed out: msg id 56891
[Timeout] Query timed out: msg id 56893
[Timeout] Query timed out: msg id 56894
[Timeout] Query timed out: msg id 56895
[Timeout] Query timed out: msg id 56896
[Timeout] Query timed out: msg id 56897
[Timeout] Query timed out: msg id 56898
[Timeout] Query timed out: msg id 56899
[Timeout] Query timed out: msg id 56900
[Timeout] Query timed out: msg id 56901
[Timeout] Query timed out: msg id 56902
[Timeout] Query timed out: msg id 56903
[Timeout] Query timed out: msg id 56904
[Timeout] Query timed out: msg id 56905
[Timeout] Query timed out: msg id 56906
[Timeout] Query timed out: msg id 56907
[Timeout] Query timed out: msg id 58954
[Timeout] Query timed out: msg id 58955
[Timeout] Query timed out: msg id 58956
[Timeout] Query timed out: msg id 58957
[Timeout] Query timed out: msg id 58958
[Timeout] Query timed out: msg id 58959
[Timeout] Query timed out: msg id 58960
[Timeout] Query timed out: msg id 58961
[Timeout] Query timed out: msg id 59637
[Timeout] Query timed out: msg id 59638
[Timeout] Query timed out: msg id 60124
[Timeout] Query timed out: msg id 60125
[Timeout] Query timed out: msg id 60126
[Timeout] Query timed out: msg id 60127
[Timeout] Query timed out: msg id 63169
[Timeout] Query timed out: msg id 63170
[Timeout] Query timed out: msg id 63171
[Timeout] Query timed out: msg id 63172
[Timeout] Query timed out: msg id 63173
[Timeout] Query timed out: msg id 63174
[Timeout] Query timed out: msg id 63175
[Timeout] Query timed out: msg id 63176
[Timeout] Query timed out: msg id 63177
[Timeout] Query timed out: msg id 61337
[Timeout] Query timed out: msg id 4488
[Timeout] Query timed out: msg id 4489
[Timeout] Query timed out: msg id 4490
[Timeout] Query timed out: msg id 7612
[Timeout] Query timed out: msg id 7613
[Timeout] Query timed out: msg id 7614
[Timeout] Query timed out: msg id 7615
[Timeout] Query timed out: msg id 7616
[Timeout] Query timed out: msg id 7617
[Timeout] Query timed out: msg id 7618
[Timeout] Query timed out: msg id 7619
[Timeout] Query timed out: msg id 7620
[Timeout] Query timed out: msg id 7621
[Timeout] Query timed out: msg id 7622
[Timeout] Query timed out: msg id 7623
[Timeout] Query timed out: msg id 7624
[Timeout] Query timed out: msg id 7625
[Timeout] Query timed out: msg id 7626
[Timeout] Query timed out: msg id 7627
[Timeout] Query timed out: msg id 7628
[Timeout] Query timed out: msg id 8123
[Timeout] Query timed out: msg id 8124
[Timeout] Query timed out: msg id 8125
[Timeout] Query timed out: msg id 8126
[Timeout] Query timed out: msg id 8127
[Timeout] Query timed out: msg id 8128
[Timeout] Query timed out: msg id 8129
[Timeout] Query timed out: msg id 8130
[Timeout] Query timed out: msg id 8131
[Timeout] Query timed out: msg id 8132
[Timeout] Query timed out: msg id 8133
[Timeout] Query timed out: msg id 8134
[Timeout] Query timed out: msg id 8135
[Timeout] Query timed out: msg id 8136
[Timeout] Query timed out: msg id 8137
[Timeout] Query timed out: msg id 9878
[Timeout] Query timed out: msg id 9879
[Timeout] Query timed out: msg id 9880
[Timeout] Query timed out: msg id 14914
[Timeout] Query timed out: msg id 14915
[Timeout] Query timed out: msg id 14916
[Timeout] Query timed out: msg id 14917
[Timeout] Query timed out: msg id 14918
[Timeout] Query timed out: msg id 14919
[Timeout] Query timed out: msg id 14920
[Timeout] Query timed out: msg id 14921
[Timeout] Query timed out: msg id 14922
[Timeout] Query timed out: msg id 14923
[Timeout] Query timed out: msg id 14924
[Timeout] Query timed out: msg id 14925
[Timeout] Query timed out: msg id 14926
[Timeout] Query timed out: msg id 14927
[Timeout] Query timed out: msg id 14928
[Timeout] Query timed out: msg id 14929
[Timeout] Query timed out: msg id 14930
[Timeout] Query timed out: msg id 17005
[Timeout] Query timed out: msg id 17006
[Timeout] Query timed out: msg id 17007
[Timeout] Query timed out: msg id 17008
[Timeout] Query timed out: msg id 17009
[Timeout] Query timed out: msg id 17010
[Timeout] Query timed out: msg id 17011
[Timeout] Query timed out: msg id 17012
[Timeout] Query timed out: msg id 17013
[Timeout] Query timed out: msg id 17014
[Timeout] Query timed out: msg id 17015
[Timeout] Query timed out: msg id 17016
[Timeout] Query timed out: msg id 17017
[Timeout] Query timed out: msg id 18118
[Timeout] Query timed out: msg id 18119
[Timeout] Query timed out: msg id 18120
[Timeout] Query timed out: msg id 18121
[Timeout] Query timed out: msg id 18122
[Timeout] Query timed out: msg id 18123
[Timeout] Query timed out: msg id 18124
[Timeout] Query timed out: msg id 18125
[Timeout] Query timed out: msg id 18126
[Timeout] Query timed out: msg id 18127
[Timeout] Query timed out: msg id 21745
[Timeout] Query timed out: msg id 24936
[Timeout] Query timed out: msg id 24937
[Timeout] Query timed out: msg id 24938
[Timeout] Query timed out: msg id 24939
[Timeout] Query timed out: msg id 24940
[Timeout] Query timed out: msg id 37359
[Timeout] Query timed out: msg id 38114
[Timeout] Query timed out: msg id 38115
[Timeout] Query timed out: msg id 38116
[Timeout] Query timed out: msg id 38117
[Timeout] Query timed out: msg id 38118
[Timeout] Query timed out: msg id 38119
[Timeout] Query timed out: msg id 38120
[Timeout] Query timed out: msg id 38121
[Timeout] Query timed out: msg id 38122
[Timeout] Query timed out: msg id 38123
[Timeout] Query timed out: msg id 39569
[Timeout] Query timed out: msg id 39570
[Timeout] Query timed out: msg id 39571
[Timeout] Query timed out: msg id 43799
[Timeout] Query timed out: msg id 43800
[Timeout] Query timed out: msg id 43801
[Timeout] Query timed out: msg id 43802
[Timeout] Query timed out: msg id 43803
[Timeout] Query timed out: msg id 43804
[Timeout] Query timed out: msg id 43805
[Timeout] Query timed out: msg id 43806
[Timeout] Query timed out: msg id 43807
[Timeout] Query timed out: msg id 43808
[Timeout] Query timed out: msg id 43809
[Timeout] Query timed out: msg id 43810
[Timeout] Query timed out: msg id 62096
[Timeout] Query timed out: msg id 62097
[Timeout] Query timed out: msg id 62098
[Timeout] Query timed out: msg id 62099
[Timeout] Query timed out: msg id 62100
[Timeout] Query timed out: msg id 62101
[Timeout] Query timed out: msg id 62253
[Timeout] Query timed out: msg id 62254
[Timeout] Query timed out: msg id 62255
[Timeout] Query timed out: msg id 62256
[Timeout] Query timed out: msg id 62257
[Timeout] Query timed out: msg id 62258
[Timeout] Query timed out: msg id 62259
[Timeout] Query timed out: msg id 62260
[Timeout] Query timed out: msg id 6763
[Timeout] Query timed out: msg id 6764
[Timeout] Query timed out: msg id 6765
[Timeout] Query timed out: msg id 14935
[Timeout] Query timed out: msg id 14936
[Timeout] Query timed out: msg id 14937
[Timeout] Query timed out: msg id 14938
[Timeout] Query timed out: msg id 14939
[Timeout] Query timed out: msg id 14940
[Timeout] Query timed out: msg id 14941
[Timeout] Query timed out: msg id 14942
[Timeout] Query timed out: msg id 14943
[Timeout] Query timed out: msg id 14944
[Timeout] Query timed out: msg id 14945
[Timeout] Query timed out: msg id 14946
[Timeout] Query timed out: msg id 14947
[Timeout] Query timed out: msg id 16676
[Timeout] Query timed out: msg id 16677
[Timeout] Query timed out: msg id 16678
[Timeout] Query timed out: msg id 16679
[Timeout] Query timed out: msg id 16680
[Timeout] Query timed out: msg id 16681
[Timeout] Query timed out: msg id 16682
[Timeout] Query timed out: msg id 16683
[Timeout] Query timed out: msg id 16684
[Timeout] Query timed out: msg id 16685
[Timeout] Query timed out: msg id 16686
[Timeout] Query timed out: msg id 16687
[Timeout] Query timed out: msg id 16688
[Timeout] Query timed out: msg id 17166
[Timeout] Query timed out: msg id 17167
[Timeout] Query timed out: msg id 17168
[Timeout] Query timed out: msg id 17169
[Timeout] Query timed out: msg id 20145
[Timeout] Query timed out: msg id 20146
[Timeout] Query timed out: msg id 20147
[Timeout] Query timed out: msg id 20148
[Timeout] Query timed out: msg id 20149
[Timeout] Query timed out: msg id 20150
[Timeout] Query timed out: msg id 20151
[Timeout] Query timed out: msg id 20152
[Timeout] Query timed out: msg id 20153
[Timeout] Query timed out: msg id 20154
[Timeout] Query timed out: msg id 20155
[Timeout] Query timed out: msg id 20156
[Timeout] Query timed out: msg id 20157
[Timeout] Query timed out: msg id 20158
[Timeout] Query timed out: msg id 20159
[Timeout] Query timed out: msg id 20160
[Timeout] Query timed out: msg id 20161
[Timeout] Query timed out: msg id 20824
[Timeout] Query timed out: msg id 20825
[Timeout] Query timed out: msg id 20826
[Timeout] Query timed out: msg id 20827
[Timeout] Query timed out: msg id 20828
[Timeout] Query timed out: msg id 20829
[Timeout] Query timed out: msg id 20830
[Timeout] Query timed out: msg id 20831
[Timeout] Query timed out: msg id 20832
[Timeout] Query timed out: msg id 21892
[Timeout] Query timed out: msg id 21893
[Timeout] Query timed out: msg id 21894
[Timeout] Query timed out: msg id 21895
[Timeout] Query timed out: msg id 21896
[Timeout] Query timed out: msg id 21897
[Timeout] Query timed out: msg id 21898
[Timeout] Query timed out: msg id 21899
[Timeout] Query timed out: msg id 21900
[Timeout] Query timed out: msg id 23501
[Timeout] Query timed out: msg id 23502
[Timeout] Query timed out: msg id 23503
[Timeout] Query timed out: msg id 30143
[Timeout] Query timed out: msg id 30144
[Timeout] Query timed out: msg id 30145
[Timeout] Query timed out: msg id 30146
[Timeout] Query timed out: msg id 30147
[Timeout] Query timed out: msg id 30148
[Timeout] Query timed out: msg id 31339
[Timeout] Query timed out: msg id 31340
[Timeout] Query timed out: msg id 31341
[Timeout] Query timed out: msg id 31342
[Timeout] Query timed out: msg id 31343
[Timeout] Query timed out: msg id 31344
[Timeout] Query timed out: msg id 31345
[Timeout] Query timed out: msg id 31346
[Timeout] Query timed out: msg id 31347
[Timeout] Query timed out: msg id 31348
[Timeout] Query timed out: msg id 31349
[Timeout] Query timed out: msg id 31350
[Timeout] Query timed out: msg id 31351
[Timeout] Query timed out: msg id 31660
[Timeout] Query timed out: msg id 31661
[Timeout] Query timed out: msg id 31662
[Timeout] Query timed out: msg id 33495
[Timeout] Query timed out: msg id 33496
[Timeout] Query timed out: msg id 33497
[Timeout] Query timed out: msg id 31663
[Timeout] Query timed out: msg id 31664
[Timeout] Query timed out: msg id 31665
[Timeout] Query timed out: msg id 37081
[Timeout] Query timed out: msg id 37082
[Timeout] Query timed out: msg id 37083
[Timeout] Query timed out: msg id 37084
[Timeout] Query timed out: msg id 37085
[Timeout] Query timed out: msg id 37086
[Timeout] Query timed out: msg id 37087
[Timeout] Query timed out: msg id 37088
[Timeout] Query timed out: msg id 37089
[Timeout] Query timed out: msg id 37090
[Timeout] Query timed out: msg id 37091
[Timeout] Query timed out: msg id 38109
[Timeout] Query timed out: msg id 38110
[Timeout] Query timed out: msg id 38111
[Timeout] Query timed out: msg id 38112
[Timeout] Query timed out: msg id 38113
[Timeout] Query timed out: msg id 38124
[Timeout] Query timed out: msg id 38125
[Timeout] Query timed out: msg id 38126
[Timeout] Query timed out: msg id 38127
[Timeout] Query timed out: msg id 38128
[Timeout] Query timed out: msg id 38129
[Timeout] Query timed out: msg id 38130
[Timeout] Query timed out: msg id 38131
[Timeout] Query timed out: msg id 38132
[Timeout] Query timed out: msg id 38133
[Timeout] Query timed out: msg id 38134
[Timeout] Query timed out: msg id 38135
[Timeout] Query timed out: msg id 40603
[Timeout] Query timed out: msg id 40604
[Timeout] Query timed out: msg id 40605
[Timeout] Query timed out: msg id 40606
[Timeout] Query timed out: msg id 40607
[Timeout] Query timed out: msg id 40608
[Timeout] Query timed out: msg id 43798
[Timeout] Query timed out: msg id 43811
[Timeout] Query timed out: msg id 41923
[Timeout] Query timed out: msg id 41924
[Timeout] Query timed out: msg id 43812
[Timeout] Query timed out: msg id 41925
[Timeout] Query timed out: msg id 43813
[Timeout] Query timed out: msg id 43814
[Timeout] Query timed out: msg id 43815
[Timeout] Query timed out: msg id 44326
[Timeout] Query timed out: msg id 44327
[Timeout] Query timed out: msg id 44328
[Timeout] Query timed out: msg id 44329
[Timeout] Query timed out: msg id 44330
[Timeout] Query timed out: msg id 44331
[Timeout] Query timed out: msg id 44332
[Timeout] Query timed out: msg id 44333
[Timeout] Query timed out: msg id 44334
[Timeout] Query timed out: msg id 44335
[Timeout] Query timed out: msg id 44336
[Timeout] Query timed out: msg id 44337
[Timeout] Query timed out: msg id 44338
[Timeout] Query timed out: msg id 44339
[Timeout] Query timed out: msg id 44340
[Timeout] Query timed out: msg id 44341
[Timeout] Query timed out: msg id 44342
[Timeout] Query timed out: msg id 44343
[Timeout] Query timed out: msg id 44344
[Timeout] Query timed out: msg id 45349
[Timeout] Query timed out: msg id 45350
[Timeout] Query timed out: msg id 45351
[Timeout] Query timed out: msg id 45352
[Timeout] Query timed out: msg id 45353
[Timeout] Query timed out: msg id 45354
[Timeout] Query timed out: msg id 47977
[Timeout] Query timed out: msg id 47978
[Timeout] Query timed out: msg id 47979
[Timeout] Query timed out: msg id 47980
[Timeout] Query timed out: msg id 47981
[Timeout] Query timed out: msg id 47982
[Timeout] Query timed out: msg id 47983
[Timeout] Query timed out: msg id 47984
[Timeout] Query timed out: msg id 47985
[Timeout] Query timed out: msg id 47986
[Timeout] Query timed out: msg id 47987
[Timeout] Query timed out: msg id 49487
[Timeout] Query timed out: msg id 49488
[Timeout] Query timed out: msg id 49489
[Timeout] Query timed out: msg id 47639
[Timeout] Query timed out: msg id 49490
[Timeout] Query timed out: msg id 49491
[Timeout] Query timed out: msg id 49492
[Timeout] Query timed out: msg id 49493
[Timeout] Query timed out: msg id 49494
[Timeout] Query timed out: msg id 49495
[Timeout] Query timed out: msg id 49496
[Timeout] Query timed out: msg id 49497
[Timeout] Query timed out: msg id 49498
[Timeout] Query timed out: msg id 49499
[Timeout] Query timed out: msg id 49500
[Timeout] Query timed out: msg id 49501
[Timeout] Query timed out: msg id 49502
[Timeout] Query timed out: msg id 49503
[Timeout] Query timed out: msg id 49504
[Timeout] Query timed out: msg id 47676
[Timeout] Query timed out: msg id 49505
[Timeout] Query timed out: msg id 49506
[Timeout] Query timed out: msg id 51088
[Timeout] Query timed out: msg id 51089
[Timeout] Query timed out: msg id 51090
[Timeout] Query timed out: msg id 51091
[Timeout] Query timed out: msg id 51258
[Timeout] Query timed out: msg id 51259
[Timeout] Query timed out: msg id 51260
[Timeout] Query timed out: msg id 51261
[Timeout] Query timed out: msg id 52152
[Timeout] Query timed out: msg id 52153
[Timeout] Query timed out: msg id 52154
[Timeout] Query timed out: msg id 52155
[Timeout] Query timed out: msg id 52156
[Timeout] Query timed out: msg id 52157
[Timeout] Query timed out: msg id 52158
[Timeout] Query timed out: msg id 52159
[Timeout] Query timed out: msg id 52160
[Timeout] Query timed out: msg id 52161
[Timeout] Query timed out: msg id 52162
[Timeout] Query timed out: msg id 52163
[Timeout] Query timed out: msg id 52164
[Timeout] Query timed out: msg id 52165
[Timeout] Query timed out: msg id 52166
[Timeout] Query timed out: msg id 52167
[Timeout] Query timed out: msg id 56919
[Timeout] Query timed out: msg id 56920
[Timeout] Query timed out: msg id 56921
[Timeout] Query timed out: msg id 56922
[Timeout] Query timed out: msg id 56923
[Timeout] Query timed out: msg id 56924
[Timeout] Query timed out: msg id 56925
[Timeout] Query timed out: msg id 56926
[Timeout] Query timed out: msg id 56927
[Timeout] Query timed out: msg id 56928
[Timeout] Query timed out: msg id 56929
[Timeout] Query timed out: msg id 56930
[Timeout] Query timed out: msg id 56931
[Timeout] Query timed out: msg id 56932
[Timeout] Query timed out: msg id 56933
[Timeout] Query timed out: msg id 56934
[Timeout] Query timed out: msg id 56935
[Timeout] Query timed out: msg id 57426
[Timeout] Query timed out: msg id 57427
[Timeout] Query timed out: msg id 57428
[Timeout] Query timed out: msg id 57429
[Timeout] Query timed out: msg id 57430
[Timeout] Query timed out: msg id 57431
[Timeout] Query timed out: msg id 57432
[Timeout] Query timed out: msg id 57433
[Timeout] Query timed out: msg id 57434
[Timeout] Query timed out: msg id 57435
[Timeout] Query timed out: msg id 57436
[Timeout] Query timed out: msg id 57437
[Timeout] Query timed out: msg id 57438
[Timeout] Query timed out: msg id 57439
[Timeout] Query timed out: msg id 57440
[Timeout] Query timed out: msg id 57441
[Timeout] Query timed out: msg id 57442
[Timeout] Query timed out: msg id 57443
[Timeout] Query timed out: msg id 57583
[Timeout] Query timed out: msg id 57584
[Timeout] Query timed out: msg id 57585
[Timeout] Query timed out: msg id 57586
[Timeout] Query timed out: msg id 57587
[Timeout] Query timed out: msg id 57588
[Timeout] Query timed out: msg id 57589
[Timeout] Query timed out: msg id 57590
[Timeout] Query timed out: msg id 57591
[Timeout] Query timed out: msg id 57592
[Timeout] Query timed out: msg id 57593
[Timeout] Query timed out: msg id 57594
[Timeout] Query timed out: msg id 58459
[Timeout] Query timed out: msg id 59503
[Timeout] Query timed out: msg id 59504
[Timeout] Query timed out: msg id 59505
[Timeout] Query timed out: msg id 59506
[Timeout] Query timed out: msg id 59507
[Timeout] Query timed out: msg id 59508
[Timeout] Query timed out: msg id 59509
[Timeout] Query timed out: msg id 59510
[Timeout] Query timed out: msg id 59511
[Timeout] Query timed out: msg id 59512
[Timeout] Query timed out: msg id 59513
[Timeout] Query timed out: msg id 59514
[Timeout] Query timed out: msg id 60132
[Timeout] Query timed out: msg id 60133
[Timeout] Query timed out: msg id 60134
[Timeout] Query timed out: msg id 60135
[Timeout] Query timed out: msg id 60136
[Timeout] Query timed out: msg id 60137
[Timeout] Query timed out: msg id 60138
[Timeout] Query timed out: msg id 60139
[Timeout] Query timed out: msg id 60140
[Timeout] Query timed out: msg id 60141
[Timeout] Query timed out: msg id 60142
[Timeout] Query timed out: msg id 60143
[Timeout] Query timed out: msg id 62095
[Timeout] Query timed out: msg id 62102
[Timeout] Query timed out: msg id 64253
[Timeout] Query timed out: msg id 64254
[Timeout] Query timed out: msg id 64255
[Timeout] Query timed out: msg id 64256
[Timeout] Query timed out: msg id 64257
[Timeout] Query timed out: msg id 201
[Timeout] Query timed out: msg id 202
[Timeout] Query timed out: msg id 203
[Timeout] Query timed out: msg id 204
[Timeout] Query timed out: msg id 205
[Timeout] Query timed out: msg id 206
[Timeout] Query timed out: msg id 207
[Timeout] Query timed out: msg id 208
[Timeout] Query timed out: msg id 209
[Timeout] Query timed out: msg id 210
[Timeout] Query timed out: msg id 211
[Timeout] Query timed out: msg id 212
[Timeout] Query timed out: msg id 213
[Timeout] Query timed out: msg id 214
[Timeout] Query timed out: msg id 215
[Timeout] Query timed out: msg id 216
[Timeout] Query timed out: msg id 217
[Timeout] Query timed out: msg id 2334
[Timeout] Query timed out: msg id 2335
[Timeout] Query timed out: msg id 2336
[Timeout] Query timed out: msg id 2337
[Timeout] Query timed out: msg id 2338
[Timeout] Query timed out: msg id 2339
[Timeout] Query timed out: msg id 2340
[Timeout] Query timed out: msg id 2341
[Timeout] Query timed out: msg id 2342
[Timeout] Query timed out: msg id 2343
[Timeout] Query timed out: msg id 2344
[Timeout] Query timed out: msg id 2345
[Timeout] Query timed out: msg id 2346
[Timeout] Query timed out: msg id 2347
[Timeout] Query timed out: msg id 5599
[Timeout] Query timed out: msg id 5600
[Timeout] Query timed out: msg id 5601
[Timeout] Query timed out: msg id 10288
[Timeout] Query timed out: msg id 10289
[Timeout] Query timed out: msg id 10290
[Timeout] Query timed out: msg id 10291
[Timeout] Query timed out: msg id 10292
[Timeout] Query timed out: msg id 10293
[Timeout] Query timed out: msg id 10294
[Timeout] Query timed out: msg id 10295
[Timeout] Query timed out: msg id 10296
[Timeout] Query timed out: msg id 10297
[Timeout] Query timed out: msg id 10298
[Timeout] Query timed out: msg id 10299
[Timeout] Query timed out: msg id 10678
[Timeout] Query timed out: msg id 12001
[Timeout] Query timed out: msg id 12002
[Timeout] Query timed out: msg id 12003
[Timeout] Query timed out: msg id 12004
[Timeout] Query timed out: msg id 12336
[Timeout] Query timed out: msg id 12337
[Timeout] Query timed out: msg id 12338
[Timeout] Query timed out: msg id 12339
[Timeout] Query timed out: msg id 12340
[Timeout] Query timed out: msg id 12341
[Timeout] Query timed out: msg id 12342
[Timeout] Query timed out: msg id 12343
[Timeout] Query timed out: msg id 12344
[Timeout] Query timed out: msg id 12345
[Timeout] Query timed out: msg id 12346
[Timeout] Query timed out: msg id 12347
[Timeout] Query timed out: msg id 12348
[Timeout] Query timed out: msg id 12349
[Timeout] Query timed out: msg id 12350
[Timeout] Query timed out: msg id 12351
[Timeout] Query timed out: msg id 12352
[Timeout] Query timed out: msg id 12353
[Timeout] Query timed out: msg id 14412
[Timeout] Query timed out: msg id 17036
[Timeout] Query timed out: msg id 17037
[Timeout] Query timed out: msg id 17038
[Timeout] Query timed out: msg id 17039
[Timeout] Query timed out: msg id 17040
[Timeout] Query timed out: msg id 17041
[Timeout] Query timed out: msg id 17042
[Timeout] Query timed out: msg id 17043
[Timeout] Query timed out: msg id 17044
[Timeout] Query timed out: msg id 17045
[Timeout] Query timed out: msg id 17046
[Timeout] Query timed out: msg id 17047
[Timeout] Query timed out: msg id 17048
[Timeout] Query timed out: msg id 17482
[Timeout] Query timed out: msg id 17485
[Timeout] Query timed out: msg id 19292
[Timeout] Query timed out: msg id 19293
[Timeout] Query timed out: msg id 21775
[Timeout] Query timed out: msg id 21776
[Timeout] Query timed out: msg id 21777
[Timeout] Query timed out: msg id 21778
[Timeout] Query timed out: msg id 21779
[Timeout] Query timed out: msg id 21780
[Timeout] Query timed out: msg id 21781
[Timeout] Query timed out: msg id 21782
[Timeout] Query timed out: msg id 21783
[Timeout] Query timed out: msg id 21784
[Timeout] Query timed out: msg id 21785
[Timeout] Query timed out: msg id 25789
[Timeout] Query timed out: msg id 27052
[Timeout] Query timed out: msg id 27053
[Timeout] Query timed out: msg id 27054
[Timeout] Query timed out: msg id 27055
[Timeout] Query timed out: msg id 27056
[Timeout] Query timed out: msg id 27057
[Timeout] Query timed out: msg id 27058
[Timeout] Query timed out: msg id 27060
[Timeout] Query timed out: msg id 27728
[Timeout] Query timed out: msg id 27729
[Timeout] Query timed out: msg id 27730
[Timeout] Query timed out: msg id 27731
[Timeout] Query timed out: msg id 27732
[Timeout] Query timed out: msg id 27733
[Timeout] Query timed out: msg id 27734
[Timeout] Query timed out: msg id 27735
[Timeout] Query timed out: msg id 27736
[Timeout] Query timed out: msg id 27737
[Timeout] Query timed out: msg id 27738
[Timeout] Query timed out: msg id 27739
[Timeout] Query timed out: msg id 27740
[Timeout] Query timed out: msg id 27741
[Timeout] Query timed out: msg id 27742
[Timeout] Query timed out: msg id 27743
[Timeout] Query timed out: msg id 27744
[Timeout] Query timed out: msg id 27745
[Timeout] Query timed out: msg id 27746
[Timeout] Query timed out: msg id 27747
[Timeout] Query timed out: msg id 27748
[Timeout] Query timed out: msg id 27944
[Timeout] Query timed out: msg id 28935
[Timeout] Query timed out: msg id 29559
[Timeout] Query timed out: msg id 29563
[Timeout] Query timed out: msg id 33336
[Timeout] Query timed out: msg id 33337
[Timeout] Query timed out: msg id 37242
[Timeout] Query timed out: msg id 37243
[Timeout] Query timed out: msg id 37244
[Timeout] Query timed out: msg id 37245
[Timeout] Query timed out: msg id 37246
[Timeout] Query timed out: msg id 37247
[Timeout] Query timed out: msg id 37248
[Timeout] Query timed out: msg id 37249
[Timeout] Query timed out: msg id 37250
[Timeout] Query timed out: msg id 37251
[Timeout] Query timed out: msg id 37252
[Timeout] Query timed out: msg id 37253
[Timeout] Query timed out: msg id 37254
[Timeout] Query timed out: msg id 37255
[Timeout] Query timed out: msg id 37256
[Timeout] Query timed out: msg id 38148
[Timeout] Query timed out: msg id 38149
[Timeout] Query timed out: msg id 38150
[Timeout] Query timed out: msg id 39237
[Timeout] Query timed out: msg id 39238
[Timeout] Query timed out: msg id 39239
[Timeout] Query timed out: msg id 39240
[Timeout] Query timed out: msg id 39241
[Timeout] Query timed out: msg id 39242
[Timeout] Query timed out: msg id 39243
[Timeout] Query timed out: msg id 39244
[Timeout] Query timed out: msg id 39245
[Timeout] Query timed out: msg id 42691
[Timeout] Query timed out: msg id 42692
[Timeout] Query timed out: msg id 42693
[Timeout] Query timed out: msg id 42694
[Timeout] Query timed out: msg id 42695
[Timeout] Query timed out: msg id 42696
[Timeout] Query timed out: msg id 42697
[Timeout] Query timed out: msg id 42698
[Timeout] Query timed out: msg id 42699
[Timeout] Query timed out: msg id 42700
[Timeout] Query timed out: msg id 42701
[Timeout] Query timed out: msg id 42702
[Timeout] Query timed out: msg id 42703
[Timeout] Query timed out: msg id 42704
[Timeout] Query timed out: msg id 42705
[Timeout] Query timed out: msg id 42706
[Timeout] Query timed out: msg id 42873
[Timeout] Query timed out: msg id 42874
[Timeout] Query timed out: msg id 43823
[Timeout] Query timed out: msg id 44860
[Timeout] Query timed out: msg id 44861
[Timeout] Query timed out: msg id 44862
[Timeout] Query timed out: msg id 44863
[Timeout] Query timed out: msg id 44864
[Timeout] Query timed out: msg id 44865
[Timeout] Query timed out: msg id 44866
[Timeout] Query timed out: msg id 44867
[Timeout] Query timed out: msg id 44868
[Timeout] Query timed out: msg id 44869
[Timeout] Query timed out: msg id 44870
[Timeout] Query timed out: msg id 44871
[Timeout] Query timed out: msg id 44872
[Timeout] Query timed out: msg id 46931
[Timeout] Query timed out: msg id 46932
[Timeout] Query timed out: msg id 46933
[Timeout] Query timed out: msg id 46934
[Timeout] Query timed out: msg id 46935
[Timeout] Query timed out: msg id 46936
[Timeout] Query timed out: msg id 46937
[Timeout] Query timed out: msg id 46938
[Timeout] Query timed out: msg id 46939
[Timeout] Query timed out: msg id 46940
[Timeout] Query timed out: msg id 46941
[Timeout] Query timed out: msg id 46942
[Timeout] Query timed out: msg id 46943
[Timeout] Query timed out: msg id 46944
[Timeout] Query timed out: msg id 46945
[Timeout] Query timed out: msg id 46946
[Timeout] Query timed out: msg id 46947
[Timeout] Query timed out: msg id 47443
[Timeout] Query timed out: msg id 47444
[Timeout] Query timed out: msg id 47445
[Timeout] Query timed out: msg id 47446
[Timeout] Query timed out: msg id 47447
[Timeout] Query timed out: msg id 47448
[Timeout] Query timed out: msg id 47449
[Timeout] Query timed out: msg id 47450
[Timeout] Query timed out: msg id 47451
[Timeout] Query timed out: msg id 47452
[Timeout] Query timed out: msg id 47453
[Timeout] Query timed out: msg id 47454
[Timeout] Query timed out: msg id 47455
[Timeout] Query timed out: msg id 47456
[Timeout] Query timed out: msg id 47973
[Timeout] Query timed out: msg id 47974
[Timeout] Query timed out: msg id 47975
[Timeout] Query timed out: msg id 47976
[Timeout] Query timed out: msg id 47988
[Timeout] Query timed out: msg id 47989
[Timeout] Query timed out: msg id 47990
[Timeout] Query timed out: msg id 47991
[Timeout] Query timed out: msg id 47992
[Timeout] Query timed out: msg id 47993
[Timeout] Query timed out: msg id 47994
[Timeout] Query timed out: msg id 47995
[Timeout] Query timed out: msg id 47996
[Timeout] Query timed out: msg id 47997
[Timeout] Query timed out: msg id 47998
[Timeout] Query timed out: msg id 47999
[Timeout] Query timed out: msg id 48000
[Timeout] Query timed out: msg id 48001
[Timeout] Query timed out: msg id 48486
[Timeout] Query timed out: msg id 48487
[Timeout] Query timed out: msg id 48488
[Timeout] Query timed out: msg id 48489
[Timeout] Query timed out: msg id 48490
[Timeout] Query timed out: msg id 48491
[Timeout] Query timed out: msg id 48492
[Timeout] Query timed out: msg id 48493
[Timeout] Query timed out: msg id 48494
[Timeout] Query timed out: msg id 48495
[Timeout] Query timed out: msg id 48496
[Timeout] Query timed out: msg id 51798
[Timeout] Query timed out: msg id 51799
[Timeout] Query timed out: msg id 51800
[Timeout] Query timed out: msg id 51801
[Timeout] Query timed out: msg id 51802
[Timeout] Query timed out: msg id 51803
[Timeout] Query timed out: msg id 51804
[Timeout] Query timed out: msg id 51805
[Timeout] Query timed out: msg id 51806
[Timeout] Query timed out: msg id 51807
[Timeout] Query timed out: msg id 51808
[Timeout] Query timed out: msg id 55077
[Timeout] Query timed out: msg id 55078
[Timeout] Query timed out: msg id 57988
[Timeout] Query timed out: msg id 57991
[Timeout] Query timed out: msg id 57992
[Timeout] Query timed out: msg id 57993
[Timeout] Query timed out: msg id 57994
[Timeout] Query timed out: msg id 61068
[Timeout] Query timed out: msg id 61069
[Timeout] Query timed out: msg id 61070
[Timeout] Query timed out: msg id 61071
[Timeout] Query timed out: msg id 61072
[Timeout] Query timed out: msg id 61073
[Timeout] Query timed out: msg id 61074
[Timeout] Query timed out: msg id 61075
[Timeout] Query timed out: msg id 61076
[Timeout] Query timed out: msg id 61077
[Timeout] Query timed out: msg id 61078
[Timeout] Query timed out: msg id 61079
[Timeout] Query timed out: msg id 61080
[Timeout] Query timed out: msg id 61081
[Timeout] Query timed out: msg id 61082
[Timeout] Query timed out: msg id 61083
[Timeout] Query timed out: msg id 61084
[Timeout] Query timed out: msg id 61085
[Timeout] Query timed out: msg id 61086
[Timeout] Query timed out: msg id 62110
[Timeout] Query timed out: msg id 62111
[Timeout] Query timed out: msg id 62158
[Timeout] Query timed out: msg id 62159
[Timeout] Query timed out: msg id 63188
[Timeout] Query timed out: msg id 63189
[Timeout] Query timed out: msg id 63190
[Timeout] Query timed out: msg id 63191
[Timeout] Query timed out: msg id 63736
[Timeout] Query timed out: msg id 63737
[Timeout] Query timed out: msg id 63738
[Timeout] Query timed out: msg id 63739
[Timeout] Query timed out: msg id 63740
[Timeout] Query timed out: msg id 63741
[Timeout] Query timed out: msg id 63742
[Timeout] Query timed out: msg id 63743
[Timeout] Query timed out: msg id 63744
[Timeout] Query timed out: msg id 63745
[Timeout] Query timed out: msg id 63746
[Timeout] Query timed out: msg id 63747
[Timeout] Query timed out: msg id 63748
[Timeout] Query timed out: msg id 65259
[Timeout] Query timed out: msg id 65260
[Timeout] Query timed out: msg id 65261
[Timeout] Query timed out: msg id 65262
[Timeout] Query timed out: msg id 65263
[Timeout] Query timed out: msg id 65264
[Timeout] Query timed out: msg id 65265
[Timeout] Query timed out: msg id 65266
[Timeout] Query timed out: msg id 65267
[Timeout] Query timed out: msg id 65268
[Timeout] Query timed out: msg id 65269
[Timeout] Query timed out: msg id 65270
[Timeout] Query timed out: msg id 65271
[Timeout] Query timed out: msg id 65272
[Timeout] Query timed out: msg id 3938
[Timeout] Query timed out: msg id 3939
[Timeout] Query timed out: msg id 3940
[Timeout] Query timed out: msg id 3941
[Timeout] Query timed out: msg id 3942
[Timeout] Query timed out: msg id 3943
[Timeout] Query timed out: msg id 3944
[Timeout] Query timed out: msg id 3945
[Timeout] Query timed out: msg id 3946
[Timeout] Query timed out: msg id 3947
[Timeout] Query timed out: msg id 3948
[Timeout] Query timed out: msg id 3949
[Timeout] Query timed out: msg id 3950
[Timeout] Query timed out: msg id 3951
[Timeout] Query timed out: msg id 3952
[Timeout] Query timed out: msg id 3953
[Timeout] Query timed out: msg id 3954
[Timeout] Query timed out: msg id 4498
[Timeout] Query timed out: msg id 4499
[Timeout] Query timed out: msg id 4500
[Timeout] Query timed out: msg id 4501
[Timeout] Query timed out: msg id 4502
[Timeout] Query timed out: msg id 4503
[Timeout] Query timed out: msg id 4504
[Timeout] Query timed out: msg id 4505
[Timeout] Query timed out: msg id 4506
[Timeout] Query timed out: msg id 4507
[Timeout] Query timed out: msg id 4508
[Timeout] Query timed out: msg id 4509
[Timeout] Query timed out: msg id 4510
[Timeout] Query timed out: msg id 4511
[Timeout] Query timed out: msg id 4512
[Timeout] Query timed out: msg id 4513
[Timeout] Query timed out: msg id 4514
[Timeout] Query timed out: msg id 4515
[Timeout] Query timed out: msg id 4516
[Timeout] Query timed out: msg id 4517
[Timeout] Query timed out: msg id 4807
[Timeout] Query timed out: msg id 5211
[Timeout] Query timed out: msg id 5212
[Timeout] Query timed out: msg id 5213
[Timeout] Query timed out: msg id 5214
[Timeout] Query timed out: msg id 5215
[Timeout] Query timed out: msg id 5216
[Timeout] Query timed out: msg id 7281
[Timeout] Query timed out: msg id 7282
[Timeout] Query timed out: msg id 7283
[Timeout] Query timed out: msg id 5454
[Timeout] Query timed out: msg id 7284
[Timeout] Query timed out: msg id 8709
[Timeout] Query timed out: msg id 8710
[Timeout] Query timed out: msg id 8711
[Timeout] Query timed out: msg id 8712
[Timeout] Query timed out: msg id 9776
[Timeout] Query timed out: msg id 9777
[Timeout] Query timed out: msg id 15606
[Timeout] Query timed out: msg id 15607
[Timeout] Query timed out: msg id 15608
[Timeout] Query timed out: msg id 15609
[Timeout] Query timed out: msg id 15610
[Timeout] Query timed out: msg id 15611
[Timeout] Query timed out: msg id 15612
[Timeout] Query timed out: msg id 15613
[Timeout] Query timed out: msg id 15614
[Timeout] Query timed out: msg id 15615
[Timeout] Query timed out: msg id 15616
[Timeout] Query timed out: msg id 16538
[Timeout] Query timed out: msg id 16539
[Timeout] Query timed out: msg id 16540
[Timeout] Query timed out: msg id 16541
[Timeout] Query timed out: msg id 19163
[Timeout] Query timed out: msg id 19297
[Timeout] Query timed out: msg id 19298
[Timeout] Query timed out: msg id 19299
[Timeout] Query timed out: msg id 19300
[Timeout] Query timed out: msg id 19301
[Timeout] Query timed out: msg id 19302
[Timeout] Query timed out: msg id 19303
[Timeout] Query timed out: msg id 19304
[Timeout] Query timed out: msg id 19305
[Timeout] Query timed out: msg id 19306
[Timeout] Query timed out: msg id 20947
[Timeout] Query timed out: msg id 21263
[Timeout] Query timed out: msg id 21314
[Timeout] Query timed out: msg id 21315
[Timeout] Query timed out: msg id 21316
[Timeout] Query timed out: msg id 21317
[Timeout] Query timed out: msg id 22313
[Timeout] Query timed out: msg id 22314
[Timeout] Query timed out: msg id 22315
[Timeout] Query timed out: msg id 22316
[Timeout] Query timed out: msg id 22317
[Timeout] Query timed out: msg id 22318
[Timeout] Query timed out: msg id 22319
[Timeout] Query timed out: msg id 22320
[Timeout] Query timed out: msg id 22321
[Timeout] Query timed out: msg id 22322
[Timeout] Query timed out: msg id 22323
[Timeout] Query timed out: msg id 22324
[Timeout] Query timed out: msg id 22325
[Timeout] Query timed out: msg id 22326
[Timeout] Query timed out: msg id 22327
[Timeout] Query timed out: msg id 22328
[Timeout] Query timed out: msg id 29550
[Timeout] Query timed out: msg id 29706
[Timeout] Query timed out: msg id 29780
[Timeout] Query timed out: msg id 29781
[Timeout] Query timed out: msg id 30649
[Timeout] Query timed out: msg id 30683
[Timeout] Query timed out: msg id 32479
[Timeout] Query timed out: msg id 32480
[Timeout] Query timed out: msg id 33859
[Timeout] Query timed out: msg id 33860
[Timeout] Query timed out: msg id 33861
[Timeout] Query timed out: msg id 33862
[Timeout] Query timed out: msg id 33863
[Timeout] Query timed out: msg id 33864
[Timeout] Query timed out: msg id 33865
[Timeout] Query timed out: msg id 33866
[Timeout] Query timed out: msg id 33867
[Timeout] Query timed out: msg id 33868
[Timeout] Query timed out: msg id 33869
[Timeout] Query timed out: msg id 33870
[Timeout] Query timed out: msg id 33871
[Timeout] Query timed out: msg id 33872
[Timeout] Query timed out: msg id 33873
[Timeout] Query timed out: msg id 33874
[Timeout] Query timed out: msg id 33875
[Timeout] Query timed out: msg id 33876
[Timeout] Query timed out: msg id 33877
[Timeout] Query timed out: msg id 33878
[Timeout] Query timed out: msg id 33879
[Timeout] Query timed out: msg id 36078
[Timeout] Query timed out: msg id 36079
[Timeout] Query timed out: msg id 36080
[Timeout] Query timed out: msg id 36081
[Timeout] Query timed out: msg id 36082
[Timeout] Query timed out: msg id 36083
[Timeout] Query timed out: msg id 37674
[Timeout] Query timed out: msg id 37675
[Timeout] Query timed out: msg id 37676
[Timeout] Query timed out: msg id 37677
[Timeout] Query timed out: msg id 38187
[Timeout] Query timed out: msg id 41633
[Timeout] Query timed out: msg id 41634
[Timeout] Query timed out: msg id 41635
[Timeout] Query timed out: msg id 41636
[Timeout] Query timed out: msg id 41637
[Timeout] Query timed out: msg id 41638
[Timeout] Query timed out: msg id 41639
[Timeout] Query timed out: msg id 43713
[Timeout] Query timed out: msg id 45546
[Timeout] Query timed out: msg id 43715
[Timeout] Query timed out: msg id 43716
[Timeout] Query timed out: msg id 45547
[Timeout] Query timed out: msg id 45548
[Timeout] Query timed out: msg id 45549
[Timeout] Query timed out: msg id 48546
[Timeout] Query timed out: msg id 48547
[Timeout] Query timed out: msg id 48548
[Timeout] Query timed out: msg id 48549
[Timeout] Query timed out: msg id 48550
[Timeout] Query timed out: msg id 48551
[Timeout] Query timed out: msg id 48552
[Timeout] Query timed out: msg id 48553
[Timeout] Query timed out: msg id 48554
[Timeout] Query timed out: msg id 48555
[Timeout] Query timed out: msg id 48556
[Timeout] Query timed out: msg id 48687
[Timeout] Query timed out: msg id 46838
[Timeout] Query timed out: msg id 49548
[Timeout] Query timed out: msg id 49549
[Timeout] Query timed out: msg id 49550
[Timeout] Query timed out: msg id 49551
[Timeout] Query timed out: msg id 49552
[Timeout] Query timed out: msg id 49553
[Timeout] Query timed out: msg id 49554
[Timeout] Query timed out: msg id 49555
[Timeout] Query timed out: msg id 49556
[Timeout] Query timed out: msg id 49557
[Timeout] Query timed out: msg id 49558
[Timeout] Query timed out: msg id 50593
[Timeout] Query timed out: msg id 50594
[Timeout] Query timed out: msg id 50595
[Timeout] Query timed out: msg id 50596
[Timeout] Query timed out: msg id 50597
[Timeout] Query timed out: msg id 50598
[Timeout] Query timed out: msg id 50599
[Timeout] Query timed out: msg id 50600
[Timeout] Query timed out: msg id 50601
[Timeout] Query timed out: msg id 50602
[Timeout] Query timed out: msg id 50603
[Timeout] Query timed out: msg id 50604
[Timeout] Query timed out: msg id 50605
[Timeout] Query timed out: msg id 50606
[Timeout] Query timed out: msg id 53414
[Timeout] Query timed out: msg id 53415
[Timeout] Query timed out: msg id 53417
[Timeout] Query timed out: msg id 55344
[Timeout] Query timed out: msg id 55345
[Timeout] Query timed out: msg id 55346
[Timeout] Query timed out: msg id 55347
[Timeout] Query timed out: msg id 57983
[Timeout] Query timed out: msg id 57985
[Timeout] Query timed out: msg id 57995
[Timeout] Query timed out: msg id 58000
[Timeout] Query timed out: msg id 58001
[Timeout] Query timed out: msg id 62556
[Timeout] Query timed out: msg id 61075
[Timeout] Query timed out: msg id 64445
[Timeout] Query timed out: msg id 64446
[Timeout] Query timed out: msg id 64670
[Timeout] Query timed out: msg id 64674
[Timeout] Query timed out: msg id 64675
[Timeout] Query timed out: msg id 65052
[Timeout] Query timed out: msg id 65137
[Timeout] Query timed out: msg id 184
[Timeout] Query timed out: msg id 1443
[Timeout] Query timed out: msg id 2352
[Timeout] Query timed out: msg id 2353
[Timeout] Query timed out: msg id 2354
[Timeout] Query timed out: msg id 2355
[Timeout] Query timed out: msg id 2356
[Timeout] Query timed out: msg id 2357
[Timeout] Query timed out: msg id 2358
[Timeout] Query timed out: msg id 2359
[Timeout] Query timed out: msg id 2360
[Timeout] Query timed out: msg id 2361
[Timeout] Query timed out: msg id 2362
[Timeout] Query timed out: msg id 2363
[Timeout] Query timed out: msg id 2364
[Timeout] Query timed out: msg id 2365
[Timeout] Query timed out: msg id 2366
[Timeout] Query timed out: msg id 3059
[Timeout] Query timed out: msg id 3169
[Timeout] Query timed out: msg id 4533
[Timeout] Query timed out: msg id 4534
[Timeout] Query timed out: msg id 4535
[Timeout] Query timed out: msg id 4536
[Timeout] Query timed out: msg id 4537
[Timeout] Query timed out: msg id 4538
[Timeout] Query timed out: msg id 4539
[Timeout] Query timed out: msg id 4540
[Timeout] Query timed out: msg id 4541
[Timeout] Query timed out: msg id 4394
[Timeout] Query timed out: msg id 6243
[Timeout] Query timed out: msg id 6244
[Timeout] Query timed out: msg id 6682
[Timeout] Query timed out: msg id 6683
[Timeout] Query timed out: msg id 7634
[Timeout] Query timed out: msg id 7643
[Timeout] Query timed out: msg id 8171
[Timeout] Query timed out: msg id 8172
[Timeout] Query timed out: msg id 8173
[Timeout] Query timed out: msg id 8174
[Timeout] Query timed out: msg id 8175
[Timeout] Query timed out: msg id 8176
[Timeout] Query timed out: msg id 8177
[Timeout] Query timed out: msg id 8178
[Timeout] Query timed out: msg id 8179
[Timeout] Query timed out: msg id 8180
[Timeout] Query timed out: msg id 8535
[Timeout] Query timed out: msg id 8536
[Timeout] Query timed out: msg id 8537
[Timeout] Query timed out: msg id 8989
[Timeout] Query timed out: msg id 9736
[Timeout] Query timed out: msg id 9737
[Timeout] Query timed out: msg id 9738
[Timeout] Query timed out: msg id 9739
[Timeout] Query timed out: msg id 9740
[Timeout] Query timed out: msg id 10352
[Timeout] Query timed out: msg id 10354
[Timeout] Query timed out: msg id 10360
[Timeout] Query timed out: msg id 10498
[Timeout] Query timed out: msg id 10499
[Timeout] Query timed out: msg id 10539
[Timeout] Query timed out: msg id 10620
[Timeout] Query timed out: msg id 10623
[Timeout] Query timed out: msg id 11354
[Timeout] Query timed out: msg id 9673
[Timeout] Query timed out: msg id 9674
[Timeout] Query timed out: msg id 11581
[Timeout] Query timed out: msg id 11585
[Timeout] Query timed out: msg id 11798
[Timeout] Query timed out: msg id 11800
[Timeout] Query timed out: msg id 17063
[Timeout] Query timed out: msg id 17064
[Timeout] Query timed out: msg id 17065
[Timeout] Query timed out: msg id 17066
[Timeout] Query timed out: msg id 17067
[Timeout] Query timed out: msg id 17068
[Timeout] Query timed out: msg id 17069
[Timeout] Query timed out: msg id 17070
[Timeout] Query timed out: msg id 17071
[Timeout] Query timed out: msg id 17072
[Timeout] Query timed out: msg id 17073
[Timeout] Query timed out: msg id 17074
[Timeout] Query timed out: msg id 17075
[Timeout] Query timed out: msg id 17076
[Timeout] Query timed out: msg id 18635
[Timeout] Query timed out: msg id 18636
[Timeout] Query timed out: msg id 18637
[Timeout] Query timed out: msg id 18638
[Timeout] Query timed out: msg id 18639
[Timeout] Query timed out: msg id 18640
[Timeout] Query timed out: msg id 18641
[Timeout] Query timed out: msg id 18642
[Timeout] Query timed out: msg id 18643
[Timeout] Query timed out: msg id 19152
[Timeout] Query timed out: msg id 19153
[Timeout] Query timed out: msg id 19154
[Timeout] Query timed out: msg id 19155
[Timeout] Query timed out: msg id 19156
[Timeout] Query timed out: msg id 19157
[Timeout] Query timed out: msg id 19158
[Timeout] Query timed out: msg id 19159
[Timeout] Query timed out: msg id 19160
[Timeout] Query timed out: msg id 19161
[Timeout] Query timed out: msg id 19162
[Timeout] Query timed out: msg id 19164
[Timeout] Query timed out: msg id 19165
[Timeout] Query timed out: msg id 19166
[Timeout] Query timed out: msg id 19167
[Timeout] Query timed out: msg id 19168
[Timeout] Query timed out: msg id 19169
[Timeout] Query timed out: msg id 19170
[Timeout] Query timed out: msg id 19171
[Timeout] Query timed out: msg id 19172
[Timeout] Query timed out: msg id 19173
[Timeout] Query timed out: msg id 19174
[Timeout] Query timed out: msg id 19175
[Timeout] Query timed out: msg id 20360
[Timeout] Query timed out: msg id 20361
[Timeout] Query timed out: msg id 20362
[Timeout] Query timed out: msg id 23053
[Timeout] Query timed out: msg id 23054
[Timeout] Query timed out: msg id 24459
[Timeout] Query timed out: msg id 24973
[Timeout] Query timed out: msg id 24974
[Timeout] Query timed out: msg id 25988
[Timeout] Query timed out: msg id 25991
[Timeout] Query timed out: msg id 25992
[Timeout] Query timed out: msg id 25993
[Timeout] Query timed out: msg id 28966
[Timeout] Query timed out: msg id 28967
[Timeout] Query timed out: msg id 28973
[Timeout] Query timed out: msg id 30672
[Timeout] Query timed out: msg id 30673
[Timeout] Query timed out: msg id 30674
[Timeout] Query timed out: msg id 30675
[Timeout] Query timed out: msg id 30676
[Timeout] Query timed out: msg id 30677
[Timeout] Query timed out: msg id 30678
[Timeout] Query timed out: msg id 30679
[Timeout] Query timed out: msg id 30680
[Timeout] Query timed out: msg id 30681
[Timeout] Query timed out: msg id 30682
[Timeout] Query timed out: msg id 30684
[Timeout] Query timed out: msg id 30685
[Timeout] Query timed out: msg id 30686
[Timeout] Query timed out: msg id 30687
[Timeout] Query timed out: msg id 30688
[Timeout] Query timed out: msg id 30689
[Timeout] Query timed out: msg id 30690
[Timeout] Query timed out: msg id 30834
[Timeout] Query timed out: msg id 30835
[Timeout] Query timed out: msg id 30836
[Timeout] Query timed out: msg id 30837
[Timeout] Query timed out: msg id 30838
[Timeout] Query timed out: msg id 30839
[Timeout] Query timed out: msg id 32810
[Timeout] Query timed out: msg id 32811
[Timeout] Query timed out: msg id 32812
[Timeout] Query timed out: msg id 34894
[Timeout] Query timed out: msg id 34895
[Timeout] Query timed out: msg id 34896
[Timeout] Query timed out: msg id 34897
[Timeout] Query timed out: msg id 38616
[Timeout] Query timed out: msg id 38617
[Timeout] Query timed out: msg id 38618
[Timeout] Query timed out: msg id 39105
[Timeout] Query timed out: msg id 39106
[Timeout] Query timed out: msg id 39107
[Timeout] Query timed out: msg id 39108
[Timeout] Query timed out: msg id 40123
[Timeout] Query timed out: msg id 40621
[Timeout] Query timed out: msg id 40622
[Timeout] Query timed out: msg id 40623
[Timeout] Query timed out: msg id 40624
[Timeout] Query timed out: msg id 40625
[Timeout] Query timed out: msg id 40626
[Timeout] Query timed out: msg id 40627
[Timeout] Query timed out: msg id 40628
[Timeout] Query timed out: msg id 40629
[Timeout] Query timed out: msg id 40630
[Timeout] Query timed out: msg id 40631
[Timeout] Query timed out: msg id 40632
[Timeout] Query timed out: msg id 40633
[Timeout] Query timed out: msg id 40634
[Timeout] Query timed out: msg id 42712
[Timeout] Query timed out: msg id 42713
[Timeout] Query timed out: msg id 42714
[Timeout] Query timed out: msg id 42715
[Timeout] Query timed out: msg id 42716
[Timeout] Query timed out: msg id 42717
[Timeout] Query timed out: msg id 42718
[Timeout] Query timed out: msg id 42719
[Timeout] Query timed out: msg id 42720
[Timeout] Query timed out: msg id 42721
[Timeout] Query timed out: msg id 42722
[Timeout] Query timed out: msg id 42723
[Timeout] Query timed out: msg id 42724
[Timeout] Query timed out: msg id 42725
[Timeout] Query timed out: msg id 42726
[Timeout] Query timed out: msg id 42727
[Timeout] Query timed out: msg id 42728
[Timeout] Query timed out: msg id 42729
[Timeout] Query timed out: msg id 43430
[Timeout] Query timed out: msg id 43431
[Timeout] Query timed out: msg id 43432
[Timeout] Query timed out: msg id 43433
[Timeout] Query timed out: msg id 44377
[Timeout] Query timed out: msg id 44378
[Timeout] Query timed out: msg id 44379
[Timeout] Query timed out: msg id 44380
[Timeout] Query timed out: msg id 44381
[Timeout] Query timed out: msg id 44382
[Timeout] Query timed out: msg id 44383
[Timeout] Query timed out: msg id 44384
[Timeout] Query timed out: msg id 44385
[Timeout] Query timed out: msg id 44386
[Timeout] Query timed out: msg id 44387
[Timeout] Query timed out: msg id 44388
[Timeout] Query timed out: msg id 44389
[Timeout] Query timed out: msg id 48558
[Timeout] Query timed out: msg id 48559
[Timeout] Query timed out: msg id 48560
[Timeout] Query timed out: msg id 48944
[Timeout] Query timed out: msg id 48949
[Timeout] Query timed out: msg id 48952
[Timeout] Query timed out: msg id 51658
[Timeout] Query timed out: msg id 51659
[Timeout] Query timed out: msg id 51660
[Timeout] Query timed out: msg id 51661
[Timeout] Query timed out: msg id 51662
[Timeout] Query timed out: msg id 51663
[Timeout] Query timed out: msg id 51664
[Timeout] Query timed out: msg id 51665
[Timeout] Query timed out: msg id 51666
[Timeout] Query timed out: msg id 56725
[Timeout] Query timed out: msg id 57460
[Timeout] Query timed out: msg id 57461
[Timeout] Query timed out: msg id 57462
[Timeout] Query timed out: msg id 57463
[Timeout] Query timed out: msg id 57464
[Timeout] Query timed out: msg id 57465
[Timeout] Query timed out: msg id 57466
[Timeout] Query timed out: msg id 57467
[Timeout] Query timed out: msg id 57468
[Timeout] Query timed out: msg id 57469
[Timeout] Query timed out: msg id 57470
[Timeout] Query timed out: msg id 57471
[Timeout] Query timed out: msg id 57472
[Timeout] Query timed out: msg id 57473
[Timeout] Query timed out: msg id 57474
[Timeout] Query timed out: msg id 57475
[Timeout] Query timed out: msg id 57476
[Timeout] Query timed out: msg id 57477
[Timeout] Query timed out: msg id 57478
[Timeout] Query timed out: msg id 57479
[Timeout] Query timed out: msg id 57480
[Timeout] Query timed out: msg id 59997
[Timeout] Query timed out: msg id 59998
[Timeout] Query timed out: msg id 59999
[Timeout] Query timed out: msg id 60000
[Timeout] Query timed out: msg id 60001
[Timeout] Query timed out: msg id 60002
[Timeout] Query timed out: msg id 60003
[Timeout] Query timed out: msg id 60004
[Timeout] Query timed out: msg id 60005
[Timeout] Query timed out: msg id 60006
[Timeout] Query timed out: msg id 60007
[Timeout] Query timed out: msg id 60008
[Timeout] Query timed out: msg id 60009
[Timeout] Query timed out: msg id 60010
[Timeout] Query timed out: msg id 60011
[Timeout] Query timed out: msg id 60012
[Timeout] Query timed out: msg id 60013
[Timeout] Query timed out: msg id 60014
[Timeout] Query timed out: msg id 60015
[Timeout] Query timed out: msg id 60016
[Timeout] Query timed out: msg id 58960
[Timeout] Query timed out: msg id 60909
[Timeout] Query timed out: msg id 60912
[Timeout] Query timed out: msg id 62125
[Timeout] Query timed out: msg id 62126
[Timeout] Query timed out: msg id 62127
[Timeout] Query timed out: msg id 62128
[Timeout] Query timed out: msg id 62129
[Timeout] Query timed out: msg id 62130
[Timeout] Query timed out: msg id 62131
[Timeout] Query timed out: msg id 62132
[Timeout] Query timed out: msg id 62133
[Timeout] Query timed out: msg id 62134
[Timeout] Query timed out: msg id 62135
[Timeout] Query timed out: msg id 62136
[Timeout] Query timed out: msg id 62137
[Timeout] Query timed out: msg id 62138
[Timeout] Query timed out: msg id 62139
[Timeout] Query timed out: msg id 1283
[Timeout] Query timed out: msg id 1284
[Timeout] Query timed out: msg id 1285
[Timeout] Query timed out: msg id 1286
[Timeout] Query timed out: msg id 1287
[Timeout] Query timed out: msg id 1288
[Timeout] Query timed out: msg id 1289
[Timeout] Query timed out: msg id 1290
[Timeout] Query timed out: msg id 1291
[Timeout] Query timed out: msg id 1292
[Timeout] Query timed out: msg id 1293
[Timeout] Query timed out: msg id 1294
[Timeout] Query timed out: msg id 1295
[Timeout] Query timed out: msg id 1296
[Timeout] Query timed out: msg id 3395
[Timeout] Query timed out: msg id 3396
[Timeout] Query timed out: msg id 3397
[Timeout] Query timed out: msg id 3398
[Timeout] Query timed out: msg id 3399
[Timeout] Query timed out: msg id 3400
[Timeout] Query timed out: msg id 3401
[Timeout] Query timed out: msg id 3402
[Timeout] Query timed out: msg id 3403
[Timeout] Query timed out: msg id 3404
[Timeout] Query timed out: msg id 3405
[Timeout] Query timed out: msg id 3406
[Timeout] Query timed out: msg id 3407
[Timeout] Query timed out: msg id 3408
[Timeout] Query timed out: msg id 3409
[Timeout] Query timed out: msg id 3975
[Timeout] Query timed out: msg id 3976
[Timeout] Query timed out: msg id 3977
[Timeout] Query timed out: msg id 3978
[Timeout] Query timed out: msg id 3979
[Timeout] Query timed out: msg id 3980
[Timeout] Query timed out: msg id 3981
[Timeout] Query timed out: msg id 3982
[Timeout] Query timed out: msg id 3983
[Timeout] Query timed out: msg id 3984
[Timeout] Query timed out: msg id 3985
[Timeout] Query timed out: msg id 3986
[Timeout] Query timed out: msg id 4543
[Timeout] Query timed out: msg id 4544
[Timeout] Query timed out: msg id 4545
[Timeout] Query timed out: msg id 4546
[Timeout] Query timed out: msg id 4547
[Timeout] Query timed out: msg id 4548
[Timeout] Query timed out: msg id 4549
[Timeout] Query timed out: msg id 4550
[Timeout] Query timed out: msg id 4551
[Timeout] Query timed out: msg id 4552
[Timeout] Query timed out: msg id 4553
[Timeout] Query timed out: msg id 4554
[Timeout] Query timed out: msg id 4555
[Timeout] Query timed out: msg id 4556
[Timeout] Query timed out: msg id 4557
[Timeout] Query timed out: msg id 4558
[Timeout] Query timed out: msg id 4559
[Timeout] Query timed out: msg id 4560
[Timeout] Query timed out: msg id 4561
[Timeout] Query timed out: msg id 4562
[Timeout] Query timed out: msg id 4563
[Timeout] Query timed out: msg id 4697
[Timeout] Query timed out: msg id 4698
[Timeout] Query timed out: msg id 4699
[Timeout] Query timed out: msg id 4700
[Timeout] Query timed out: msg id 4701
[Timeout] Query timed out: msg id 4702
[Timeout] Query timed out: msg id 4703
[Timeout] Query timed out: msg id 4704
[Timeout] Query timed out: msg id 10837
[Timeout] Query timed out: msg id 10838
[Timeout] Query timed out: msg id 10839
[Timeout] Query timed out: msg id 10840
[Timeout] Query timed out: msg id 10841
[Timeout] Query timed out: msg id 10842
[Timeout] Query timed out: msg id 10843
[Timeout] Query timed out: msg id 10844
[Timeout] Query timed out: msg id 10845
[Timeout] Query timed out: msg id 10968
[Timeout] Query timed out: msg id 10969
[Timeout] Query timed out: msg id 10970
[Timeout] Query timed out: msg id 10971
[Timeout] Query timed out: msg id 10972
[Timeout] Query timed out: msg id 10973
[Timeout] Query timed out: msg id 10974
[Timeout] Query timed out: msg id 10975
[Timeout] Query timed out: msg id 10976
[Timeout] Query timed out: msg id 9147
[Timeout] Query timed out: msg id 13181
[Timeout] Query timed out: msg id 13602
[Timeout] Query timed out: msg id 13605
[Timeout] Query timed out: msg id 11753
[Timeout] Query timed out: msg id 13758
[Timeout] Query timed out: msg id 13759
[Timeout] Query timed out: msg id 15458
[Timeout] Query timed out: msg id 15459
[Timeout] Query timed out: msg id 15460
[Timeout] Query timed out: msg id 15461
[Timeout] Query timed out: msg id 15462
[Timeout] Query timed out: msg id 15463
[Timeout] Query timed out: msg id 15464
[Timeout] Query timed out: msg id 15465
[Timeout] Query timed out: msg id 15466
[Timeout] Query timed out: msg id 15469
[Timeout] Query timed out: msg id 15471
[Timeout] Query timed out: msg id 15472
[Timeout] Query timed out: msg id 15473
[Timeout] Query timed out: msg id 15474
[Timeout] Query timed out: msg id 15475
[Timeout] Query timed out: msg id 15476
[Timeout] Query timed out: msg id 15477
[Timeout] Query timed out: msg id 15478
[Timeout] Query timed out: msg id 17636
[Timeout] Query timed out: msg id 18660
[Timeout] Query timed out: msg id 18661
[Timeout] Query timed out: msg id 18662
[Timeout] Query timed out: msg id 18663
[Timeout] Query timed out: msg id 18664
[Timeout] Query timed out: msg id 18665
[Timeout] Query timed out: msg id 18666
[Timeout] Query timed out: msg id 18667
[Timeout] Query timed out: msg id 18668
[Timeout] Query timed out: msg id 18669
[Timeout] Query timed out: msg id 18670
[Timeout] Query timed out: msg id 18671
[Timeout] Query timed out: msg id 18672
[Timeout] Query timed out: msg id 18673
[Timeout] Query timed out: msg id 18674
[Timeout] Query timed out: msg id 19189
[Timeout] Query timed out: msg id 19190
[Timeout] Query timed out: msg id 19191
[Timeout] Query timed out: msg id 19192
[Timeout] Query timed out: msg id 19193
[Timeout] Query timed out: msg id 20892
[Timeout] Query timed out: msg id 20893
[Timeout] Query timed out: msg id 20894
[Timeout] Query timed out: msg id 20895
[Timeout] Query timed out: msg id 20896
[Timeout] Query timed out: msg id 22335
[Timeout] Query timed out: msg id 22336
[Timeout] Query timed out: msg id 22337
[Timeout] Query timed out: msg id 22338
[Timeout] Query timed out: msg id 22339
[Timeout] Query timed out: msg id 22340
[Timeout] Query timed out: msg id 22341
[Timeout] Query timed out: msg id 22342
[Timeout] Query timed out: msg id 22343
[Timeout] Query timed out: msg id 22344
[Timeout] Query timed out: msg id 22345
[Timeout] Query timed out: msg id 22346
[Timeout] Query timed out: msg id 22347
[Timeout] Query timed out: msg id 22348
[Timeout] Query timed out: msg id 22349
[Timeout] Query timed out: msg id 22350
[Timeout] Query timed out: msg id 22351
[Timeout] Query timed out: msg id 22352
[Timeout] Query timed out: msg id 25096
[Timeout] Query timed out: msg id 25097
[Timeout] Query timed out: msg id 25098
[Timeout] Query timed out: msg id 25099
[Timeout] Query timed out: msg id 25100
[Timeout] Query timed out: msg id 25101
[Timeout] Query timed out: msg id 25102
[Timeout] Query timed out: msg id 25103
[Timeout] Query timed out: msg id 25104
[Timeout] Query timed out: msg id 25105
[Timeout] Query timed out: msg id 25106
[Timeout] Query timed out: msg id 25107
[Timeout] Query timed out: msg id 25108
[Timeout] Query timed out: msg id 25109
[Timeout] Query timed out: msg id 25110
[Timeout] Query timed out: msg id 25111
[Timeout] Query timed out: msg id 25491
[Timeout] Query timed out: msg id 25492
[Timeout] Query timed out: msg id 25493
[Timeout] Query timed out: msg id 25494
[Timeout] Query timed out: msg id 25495
[Timeout] Query timed out: msg id 25496
[Timeout] Query timed out: msg id 25600
[Timeout] Query timed out: msg id 25601
[Timeout] Query timed out: msg id 25602
[Timeout] Query timed out: msg id 25603
[Timeout] Query timed out: msg id 25608
[Timeout] Query timed out: msg id 25609
[Timeout] Query timed out: msg id 25610
[Timeout] Query timed out: msg id 25625
[Timeout] Query timed out: msg id 23776
[Timeout] Query timed out: msg id 27603
[Timeout] Query timed out: msg id 31430
[Timeout] Query timed out: msg id 35046
[Timeout] Query timed out: msg id 35047
[Timeout] Query timed out: msg id 35048
[Timeout] Query timed out: msg id 35049
[Timeout] Query timed out: msg id 35050
[Timeout] Query timed out: msg id 35051
[Timeout] Query timed out: msg id 35052
[Timeout] Query timed out: msg id 35053
[Timeout] Query timed out: msg id 35054
[Timeout] Query timed out: msg id 35055
[Timeout] Query timed out: msg id 35056
[Timeout] Query timed out: msg id 35057
[Timeout] Query timed out: msg id 35058
[Timeout] Query timed out: msg id 35059
[Timeout] Query timed out: msg id 35060
[Timeout] Query timed out: msg id 35061
[Timeout] Query timed out: msg id 35062
[Timeout] Query timed out: msg id 35063
[Timeout] Query timed out: msg id 35064
[Timeout] Query timed out: msg id 35065
[Timeout] Query timed out: msg id 35066
[Timeout] Query timed out: msg id 33228
[Timeout] Query timed out: msg id 33229
[Timeout] Query timed out: msg id 35067
[Timeout] Query timed out: msg id 35068
[Timeout] Query timed out: msg id 36533
[Timeout] Query timed out: msg id 36534
[Timeout] Query timed out: msg id 36535
[Timeout] Query timed out: msg id 36536
[Timeout] Query timed out: msg id 36537
[Timeout] Query timed out: msg id 36538
[Timeout] Query timed out: msg id 36539
[Timeout] Query timed out: msg id 36540
[Timeout] Query timed out: msg id 36541
[Timeout] Query timed out: msg id 36542
[Timeout] Query timed out: msg id 36543
[Timeout] Query timed out: msg id 36544
[Timeout] Query timed out: msg id 36545
[Timeout] Query timed out: msg id 36546
[Timeout] Query timed out: msg id 37100
[Timeout] Query timed out: msg id 37101
[Timeout] Query timed out: msg id 37175
[Timeout] Query timed out: msg id 37264
[Timeout] Query timed out: msg id 37265
[Timeout] Query timed out: msg id 37266
[Timeout] Query timed out: msg id 37267
[Timeout] Query timed out: msg id 37268
[Timeout] Query timed out: msg id 37269
[Timeout] Query timed out: msg id 37270
[Timeout] Query timed out: msg id 37271
[Timeout] Query timed out: msg id 37272
[Timeout] Query timed out: msg id 37273
[Timeout] Query timed out: msg id 37274
[Timeout] Query timed out: msg id 37666
[Timeout] Query timed out: msg id 37667
[Timeout] Query timed out: msg id 37668
[Timeout] Query timed out: msg id 37669
[Timeout] Query timed out: msg id 37670
[Timeout] Query timed out: msg id 37671
[Timeout] Query timed out: msg id 37672
[Timeout] Query timed out: msg id 37673
[Timeout] Query timed out: msg id 37678
[Timeout] Query timed out: msg id 37679
[Timeout] Query timed out: msg id 37680
[Timeout] Query timed out: msg id 37681
[Timeout] Query timed out: msg id 37682
[Timeout] Query timed out: msg id 37683
[Timeout] Query timed out: msg id 37684
[Timeout] Query timed out: msg id 37685
[Timeout] Query timed out: msg id 37686
[Timeout] Query timed out: msg id 37687
[Timeout] Query timed out: msg id 37688
[Timeout] Query timed out: msg id 37689
[Timeout] Query timed out: msg id 35832
[Timeout] Query timed out: msg id 37690
[Timeout] Query timed out: msg id 37691
[Timeout] Query timed out: msg id 37692
[Timeout] Query timed out: msg id 37693
[Timeout] Query timed out: msg id 35833
[Timeout] Query timed out: msg id 35834
[Timeout] Query timed out: msg id 38623
[Timeout] Query timed out: msg id 38624
[Timeout] Query timed out: msg id 38625
[Timeout] Query timed out: msg id 38626
[Timeout] Query timed out: msg id 38627
[Timeout] Query timed out: msg id 38628
[Timeout] Query timed out: msg id 38629
[Timeout] Query timed out: msg id 38630
[Timeout] Query timed out: msg id 38631
[Timeout] Query timed out: msg id 38632
[Timeout] Query timed out: msg id 38633
[Timeout] Query timed out: msg id 38634
[Timeout] Query timed out: msg id 38635
[Timeout] Query timed out: msg id 39110
[Timeout] Query timed out: msg id 39111
[Timeout] Query timed out: msg id 40266
[Timeout] Query timed out: msg id 40267
[Timeout] Query timed out: msg id 40268
[Timeout] Query timed out: msg id 40269
[Timeout] Query timed out: msg id 40639
[Timeout] Query timed out: msg id 40640
[Timeout] Query timed out: msg id 40641
[Timeout] Query timed out: msg id 40642
[Timeout] Query timed out: msg id 40643
[Timeout] Query timed out: msg id 40644
[Timeout] Query timed out: msg id 40645
[Timeout] Query timed out: msg id 40646
[Timeout] Query timed out: msg id 40647
[Timeout] Query timed out: msg id 40648
[Timeout] Query timed out: msg id 41127
[Timeout] Query timed out: msg id 41128
[Timeout] Query timed out: msg id 41129
[Timeout] Query timed out: msg id 41130
[Timeout] Query timed out: msg id 41131
[Timeout] Query timed out: msg id 41132
[Timeout] Query timed out: msg id 41133
[Timeout] Query timed out: msg id 41134
[Timeout] Query timed out: msg id 41135
[Timeout] Query timed out: msg id 41136
[Timeout] Query timed out: msg id 41137
[Timeout] Query timed out: msg id 41138
[Timeout] Query timed out: msg id 41139
[Timeout] Query timed out: msg id 41140
[Timeout] Query timed out: msg id 41284
[Timeout] Query timed out: msg id 41285
[Timeout] Query timed out: msg id 41286
[Timeout] Query timed out: msg id 41287
[Timeout] Query timed out: msg id 41288
[Timeout] Query timed out: msg id 41289
[Timeout] Query timed out: msg id 41290
[Timeout] Query timed out: msg id 41291
[Timeout] Query timed out: msg id 41292
[Timeout] Query timed out: msg id 42194
[Timeout] Query timed out: msg id 42195
[Timeout] Query timed out: msg id 42196
[Timeout] Query timed out: msg id 42197
[Timeout] Query timed out: msg id 42198
[Timeout] Query timed out: msg id 42199
[Timeout] Query timed out: msg id 42200
[Timeout] Query timed out: msg id 42201
[Timeout] Query timed out: msg id 42202
[Timeout] Query timed out: msg id 42203
[Timeout] Query timed out: msg id 42204
[Timeout] Query timed out: msg id 42205
[Timeout] Query timed out: msg id 42206
[Timeout] Query timed out: msg id 42207
[Timeout] Query timed out: msg id 42208
[Timeout] Query timed out: msg id 42209
[Timeout] Query timed out: msg id 43272
[Timeout] Query timed out: msg id 43273
[Timeout] Query timed out: msg id 43274
[Timeout] Query timed out: msg id 43275
[Timeout] Query timed out: msg id 43276
[Timeout] Query timed out: msg id 43277
[Timeout] Query timed out: msg id 43278
[Timeout] Query timed out: msg id 43279
[Timeout] Query timed out: msg id 43280
[Timeout] Query timed out: msg id 43281
[Timeout] Query timed out: msg id 43282
[Timeout] Query timed out: msg id 43283
[Timeout] Query timed out: msg id 47004
[Timeout] Query timed out: msg id 47877
[Timeout] Query timed out: msg id 47881
[Timeout] Query timed out: msg id 49967
[Timeout] Query timed out: msg id 51822
[Timeout] Query timed out: msg id 51823
[Timeout] Query timed out: msg id 52216
[Timeout] Query timed out: msg id 52217
[Timeout] Query timed out: msg id 52218
[Timeout] Query timed out: msg id 52219
[Timeout] Query timed out: msg id 52220
[Timeout] Query timed out: msg id 52221
[Timeout] Query timed out: msg id 52878
[Timeout] Query timed out: msg id 55536
[Timeout] Query timed out: msg id 56943
[Timeout] Query timed out: msg id 56944
[Timeout] Query timed out: msg id 56945
[Timeout] Query timed out: msg id 56946
[Timeout] Query timed out: msg id 56947
[Timeout] Query timed out: msg id 56948
[Timeout] Query timed out: msg id 56949
[Timeout] Query timed out: msg id 61110
[Timeout] Query timed out: msg id 61111
[Timeout] Query timed out: msg id 61112
[Timeout] Query timed out: msg id 61113
[Timeout] Query timed out: msg id 61114
[Timeout] Query timed out: msg id 61115
[Timeout] Query timed out: msg id 61116
[Timeout] Query timed out: msg id 61117
[Timeout] Query timed out: msg id 61118
[Timeout] Query timed out: msg id 63207
[Timeout] Query timed out: msg id 63208
[Timeout] Query timed out: msg id 63209
[Timeout] Query timed out: msg id 63676
[Timeout] Query timed out: msg id 64281
[Timeout] Query timed out: msg id 64282
[Timeout] Query timed out: msg id 64283
[Timeout] Query timed out: msg id 64284
[Timeout] Query timed out: msg id 64285
[Timeout] Query timed out: msg id 64286
[Timeout] Query timed out: msg id 64287
[Timeout] Query timed out: msg id 64288
[Timeout] Query timed out: msg id 64289
[Timeout] Query timed out: msg id 64290
[Timeout] Query timed out: msg id 65510
[Timeout] Query timed out: msg id 2882
[Timeout] Query timed out: msg id 4027
[Timeout] Query timed out: msg id 4028
[Timeout] Query timed out: msg id 4029
[Timeout] Query timed out: msg id 4030
[Timeout] Query timed out: msg id 4031
[Timeout] Query timed out: msg id 4032
[Timeout] Query timed out: msg id 4033
[Timeout] Query timed out: msg id 4034
[Timeout] Query timed out: msg id 4035
[Timeout] Query timed out: msg id 4036
[Timeout] Query timed out: msg id 10321
[Timeout] Query timed out: msg id 10322
[Timeout] Query timed out: msg id 10323
[Timeout] Query timed out: msg id 10324
[Timeout] Query timed out: msg id 10325
[Timeout] Query timed out: msg id 10326
[Timeout] Query timed out: msg id 10327
[Timeout] Query timed out: msg id 10328
[Timeout] Query timed out: msg id 10329
[Timeout] Query timed out: msg id 10330
[Timeout] Query timed out: msg id 10331
[Timeout] Query timed out: msg id 10332
[Timeout] Query timed out: msg id 11913
[Timeout] Query timed out: msg id 11914
[Timeout] Query timed out: msg id 13755
[Timeout] Query timed out: msg id 14397
[Timeout] Query timed out: msg id 14405
[Timeout] Query timed out: msg id 14406
[Timeout] Query timed out: msg id 14407
[Timeout] Query timed out: msg id 14408
[Timeout] Query timed out: msg id 14409
[Timeout] Query timed out: msg id 14410
[Timeout] Query timed out: msg id 14411
[Timeout] Query timed out: msg id 14413
[Timeout] Query timed out: msg id 14414
[Timeout] Query timed out: msg id 14415
[Timeout] Query timed out: msg id 14416
[Timeout] Query timed out: msg id 14417
[Timeout] Query timed out: msg id 14418
[Timeout] Query timed out: msg id 14419
[Timeout] Query timed out: msg id 14420
[Timeout] Query timed out: msg id 14421
[Timeout] Query timed out: msg id 14422
[Timeout] Query timed out: msg id 14423
[Timeout] Query timed out: msg id 14424
[Timeout] Query timed out: msg id 14953
[Timeout] Query timed out: msg id 14954
[Timeout] Query timed out: msg id 14955
[Timeout] Query timed out: msg id 14956
[Timeout] Query timed out: msg id 14957
[Timeout] Query timed out: msg id 14958
[Timeout] Query timed out: msg id 14959
[Timeout] Query timed out: msg id 14960
[Timeout] Query timed out: msg id 14961
[Timeout] Query timed out: msg id 14962
[Timeout] Query timed out: msg id 14963
[Timeout] Query timed out: msg id 14964
[Timeout] Query timed out: msg id 14965
[Timeout] Query timed out: msg id 14966
[Timeout] Query timed out: msg id 14967
[Timeout] Query timed out: msg id 14968
[Timeout] Query timed out: msg id 14969
[Timeout] Query timed out: msg id 15485
[Timeout] Query timed out: msg id 15486
[Timeout] Query timed out: msg id 15487
[Timeout] Query timed out: msg id 15488
[Timeout] Query timed out: msg id 15489
[Timeout] Query timed out: msg id 15490
[Timeout] Query timed out: msg id 15491
[Timeout] Query timed out: msg id 15492
[Timeout] Query timed out: msg id 15493
[Timeout] Query timed out: msg id 15494
[Timeout] Query timed out: msg id 15495
[Timeout] Query timed out: msg id 15496
[Timeout] Query timed out: msg id 15497
[Timeout] Query timed out: msg id 18677
[Timeout] Query timed out: msg id 18678
[Timeout] Query timed out: msg id 19203
[Timeout] Query timed out: msg id 19204
[Timeout] Query timed out: msg id 19205
[Timeout] Query timed out: msg id 19206
[Timeout] Query timed out: msg id 19207
[Timeout] Query timed out: msg id 19208
[Timeout] Query timed out: msg id 19209
[Timeout] Query timed out: msg id 19210
[Timeout] Query timed out: msg id 19211
[Timeout] Query timed out: msg id 19212
[Timeout] Query timed out: msg id 19213
[Timeout] Query timed out: msg id 19214
[Timeout] Query timed out: msg id 19215
[Timeout] Query timed out: msg id 19216
[Timeout] Query timed out: msg id 19217
[Timeout] Query timed out: msg id 19218
[Timeout] Query timed out: msg id 19219
[Timeout] Query timed out: msg id 19220
[Timeout] Query timed out: msg id 19221
[Timeout] Query timed out: msg id 19222
[Timeout] Query timed out: msg id 19223
[Timeout] Query timed out: msg id 19224
[Timeout] Query timed out: msg id 19225
[Timeout] Query timed out: msg id 22877
[Timeout] Query timed out: msg id 22878
[Timeout] Query timed out: msg id 22879
[Timeout] Query timed out: msg id 22880
[Timeout] Query timed out: msg id 22881
[Timeout] Query timed out: msg id 22882
[Timeout] Query timed out: msg id 22883
[Timeout] Query timed out: msg id 22884
[Timeout] Query timed out: msg id 23415
[Timeout] Query timed out: msg id 23416
[Timeout] Query timed out: msg id 23417
[Timeout] Query timed out: msg id 23418
[Timeout] Query timed out: msg id 23419
[Timeout] Query timed out: msg id 23420
[Timeout] Query timed out: msg id 23421
[Timeout] Query timed out: msg id 23422
[Timeout] Query timed out: msg id 23423
[Timeout] Query timed out: msg id 23424
[Timeout] Query timed out: msg id 24946
[Timeout] Query timed out: msg id 24947
[Timeout] Query timed out: msg id 24948
[Timeout] Query timed out: msg id 24949
[Timeout] Query timed out: msg id 24950
[Timeout] Query timed out: msg id 24951
[Timeout] Query timed out: msg id 24952
[Timeout] Query timed out: msg id 24953
[Timeout] Query timed out: msg id 24954
[Timeout] Query timed out: msg id 24955
[Timeout] Query timed out: msg id 24956
[Timeout] Query timed out: msg id 24957
[Timeout] Query timed out: msg id 24958
[Timeout] Query timed out: msg id 24959
[Timeout] Query timed out: msg id 24960
[Timeout] Query timed out: msg id 24961
[Timeout] Query timed out: msg id 24962
[Timeout] Query timed out: msg id 24963
[Timeout] Query timed out: msg id 24964
[Timeout] Query timed out: msg id 24965
[Timeout] Query timed out: msg id 24966
[Timeout] Query timed out: msg id 25512
[Timeout] Query timed out: msg id 25513
[Timeout] Query timed out: msg id 25514
[Timeout] Query timed out: msg id 26114
[Timeout] Query timed out: msg id 26115
[Timeout] Query timed out: msg id 27044
[Timeout] Query timed out: msg id 27045
[Timeout] Query timed out: msg id 27046
[Timeout] Query timed out: msg id 27047
[Timeout] Query timed out: msg id 27048
[Timeout] Query timed out: msg id 27049
[Timeout] Query timed out: msg id 27050
[Timeout] Query timed out: msg id 27051
[Timeout] Query timed out: msg id 27059
[Timeout] Query timed out: msg id 27061
[Timeout] Query timed out: msg id 27062
[Timeout] Query timed out: msg id 27063
[Timeout] Query timed out: msg id 27078
[Timeout] Query timed out: msg id 27079
[Timeout] Query timed out: msg id 27080
[Timeout] Query timed out: msg id 27081
[Timeout] Query timed out: msg id 27082
[Timeout] Query timed out: msg id 27083
[Timeout] Query timed out: msg id 27605
[Timeout] Query timed out: msg id 27606
[Timeout] Query timed out: msg id 27607
[Timeout] Query timed out: msg id 27608
[Timeout] Query timed out: msg id 27609
[Timeout] Query timed out: msg id 27610
[Timeout] Query timed out: msg id 27611
[Timeout] Query timed out: msg id 27612
[Timeout] Query timed out: msg id 27613
[Timeout] Query timed out: msg id 27614
[Timeout] Query timed out: msg id 27615
[Timeout] Query timed out: msg id 27616
[Timeout] Query timed out: msg id 28175
[Timeout] Query timed out: msg id 28176
[Timeout] Query timed out: msg id 28177
[Timeout] Query timed out: msg id 29178
[Timeout] Query timed out: msg id 29643
[Timeout] Query timed out: msg id 29644
[Timeout] Query timed out: msg id 29646
[Timeout] Query timed out: msg id 29647
[Timeout] Query timed out: msg id 29648
[Timeout] Query timed out: msg id 29649
[Timeout] Query timed out: msg id 29650
[Timeout] Query timed out: msg id 29651
[Timeout] Query timed out: msg id 29652
[Timeout] Query timed out: msg id 29653
[Timeout] Query timed out: msg id 29654
[Timeout] Query timed out: msg id 29655
[Timeout] Query timed out: msg id 29656
[Timeout] Query timed out: msg id 30307
[Timeout] Query timed out: msg id 30308
[Timeout] Query timed out: msg id 30696
[Timeout] Query timed out: msg id 30697
[Timeout] Query timed out: msg id 30698
[Timeout] Query timed out: msg id 31121
[Timeout] Query timed out: msg id 32287
[Timeout] Query timed out: msg id 32288
[Timeout] Query timed out: msg id 32289
[Timeout] Query timed out: msg id 32290
[Timeout] Query timed out: msg id 32291
[Timeout] Query timed out: msg id 32292
[Timeout] Query timed out: msg id 32293
[Timeout] Query timed out: msg id 32294
[Timeout] Query timed out: msg id 32295
[Timeout] Query timed out: msg id 32296
[Timeout] Query timed out: msg id 32297
[Timeout] Query timed out: msg id 32298
[Timeout] Query timed out: msg id 32299
[Timeout] Query timed out: msg id 32300
[Timeout] Query timed out: msg id 32301
[Timeout] Query timed out: msg id 32302
[Timeout] Query timed out: msg id 32303
[Timeout] Query timed out: msg id 32304
[Timeout] Query timed out: msg id 32305
[Timeout] Query timed out: msg id 34900
[Timeout] Query timed out: msg id 34901
[Timeout] Query timed out: msg id 34902
[Timeout] Query timed out: msg id 34903
[Timeout] Query timed out: msg id 34904
[Timeout] Query timed out: msg id 34905
[Timeout] Query timed out: msg id 34906
[Timeout] Query timed out: msg id 34907
[Timeout] Query timed out: msg id 35939
[Timeout] Query timed out: msg id 35940
[Timeout] Query timed out: msg id 35941
[Timeout] Query timed out: msg id 35942
[Timeout] Query timed out: msg id 35943
[Timeout] Query timed out: msg id 35944
[Timeout] Query timed out: msg id 35945
[Timeout] Query timed out: msg id 35946
[Timeout] Query timed out: msg id 35947
[Timeout] Query timed out: msg id 35948
[Timeout] Query timed out: msg id 35949
[Timeout] Query timed out: msg id 35950
[Timeout] Query timed out: msg id 35951
[Timeout] Query timed out: msg id 35952
[Timeout] Query timed out: msg id 35953
[Timeout] Query timed out: msg id 35954
[Timeout] Query timed out: msg id 35955
[Timeout] Query timed out: msg id 35956
[Timeout] Query timed out: msg id 36574
[Timeout] Query timed out: msg id 36575
[Timeout] Query timed out: msg id 36576
[Timeout] Query timed out: msg id 36577
[Timeout] Query timed out: msg id 36578
[Timeout] Query timed out: msg id 36579
[Timeout] Query timed out: msg id 36580
[Timeout] Query timed out: msg id 36581
[Timeout] Query timed out: msg id 36582
[Timeout] Query timed out: msg id 36583
[Timeout] Query timed out: msg id 36584
[Timeout] Query timed out: msg id 36585
[Timeout] Query timed out: msg id 36586
[Timeout] Query timed out: msg id 36587
[Timeout] Query timed out: msg id 38675
[Timeout] Query timed out: msg id 38676
[Timeout] Query timed out: msg id 38677
[Timeout] Query timed out: msg id 38678
[Timeout] Query timed out: msg id 38679
[Timeout] Query timed out: msg id 38680
[Timeout] Query timed out: msg id 38681
[Timeout] Query timed out: msg id 38682
[Timeout] Query timed out: msg id 38683
[Timeout] Query timed out: msg id 38684
[Timeout] Query timed out: msg id 38685
[Timeout] Query timed out: msg id 38686
[Timeout] Query timed out: msg id 38798
[Timeout] Query timed out: msg id 38799
[Timeout] Query timed out: msg id 36950
[Timeout] Query timed out: msg id 36951
[Timeout] Query timed out: msg id 36952
[Timeout] Query timed out: msg id 38800
[Timeout] Query timed out: msg id 38801
[Timeout] Query timed out: msg id 38802
[Timeout] Query timed out: msg id 38803
[Timeout] Query timed out: msg id 39152
[Timeout] Query timed out: msg id 39153
[Timeout] Query timed out: msg id 39154
[Timeout] Query timed out: msg id 37304
[Timeout] Query timed out: msg id 39155
[Timeout] Query timed out: msg id 39156
[Timeout] Query timed out: msg id 37306
[Timeout] Query timed out: msg id 39157
[Timeout] Query timed out: msg id 39158
[Timeout] Query timed out: msg id 39159
[Timeout] Query timed out: msg id 39160
[Timeout] Query timed out: msg id 39161
[Timeout] Query timed out: msg id 39162
[Timeout] Query timed out: msg id 39163
[Timeout] Query timed out: msg id 39164
[Timeout] Query timed out: msg id 39165
[Timeout] Query timed out: msg id 39502
[Timeout] Query timed out: msg id 39635
[Timeout] Query timed out: msg id 39636
[Timeout] Query timed out: msg id 39637
[Timeout] Query timed out: msg id 39638
[Timeout] Query timed out: msg id 39639
[Timeout] Query timed out: msg id 39640
[Timeout] Query timed out: msg id 39641
[Timeout] Query timed out: msg id 39642
[Timeout] Query timed out: msg id 39643
[Timeout] Query timed out: msg id 39644
[Timeout] Query timed out: msg id 39645
[Timeout] Query timed out: msg id 39646
[Timeout] Query timed out: msg id 39647
[Timeout] Query timed out: msg id 39893
[Timeout] Query timed out: msg id 40107
[Timeout] Query timed out: msg id 40108
[Timeout] Query timed out: msg id 40109
[Timeout] Query timed out: msg id 40110
[Timeout] Query timed out: msg id 40111
[Timeout] Query timed out: msg id 40112
[Timeout] Query timed out: msg id 40113
[Timeout] Query timed out: msg id 40114
[Timeout] Query timed out: msg id 40115
[Timeout] Query timed out: msg id 40116
[Timeout] Query timed out: msg id 40117
[Timeout] Query timed out: msg id 40118
[Timeout] Query timed out: msg id 40119
[Timeout] Query timed out: msg id 40120
[Timeout] Query timed out: msg id 40121
[Timeout] Query timed out: msg id 40122
[Timeout] Query timed out: msg id 40124
[Timeout] Query timed out: msg id 40125
[Timeout] Query timed out: msg id 40126
[Timeout] Query timed out: msg id 42241
[Timeout] Query timed out: msg id 42242
[Timeout] Query timed out: msg id 42243
[Timeout] Query timed out: msg id 42244
[Timeout] Query timed out: msg id 42245
[Timeout] Query timed out: msg id 42246
[Timeout] Query timed out: msg id 42247
[Timeout] Query timed out: msg id 42248
[Timeout] Query timed out: msg id 42249
[Timeout] Query timed out: msg id 42250
[Timeout] Query timed out: msg id 42251
[Timeout] Query timed out: msg id 42252
[Timeout] Query timed out: msg id 42253
[Timeout] Query timed out: msg id 43243
[Timeout] Query timed out: msg id 44904
[Timeout] Query timed out: msg id 44905
[Timeout] Query timed out: msg id 44906
[Timeout] Query timed out: msg id 44907
[Timeout] Query timed out: msg id 44908
[Timeout] Query timed out: msg id 44909
[Timeout] Query timed out: msg id 43098
[Timeout] Query timed out: msg id 44910
[Timeout] Query timed out: msg id 44911
[Timeout] Query timed out: msg id 44912
[Timeout] Query timed out: msg id 44913
[Timeout] Query timed out: msg id 44914
[Timeout] Query timed out: msg id 44915
[Timeout] Query timed out: msg id 44916
[Timeout] Query timed out: msg id 44917
[Timeout] Query timed out: msg id 44918
[Timeout] Query timed out: msg id 44919
[Timeout] Query timed out: msg id 44920
[Timeout] Query timed out: msg id 44921
[Timeout] Query timed out: msg id 44922
[Timeout] Query timed out: msg id 44923
[Timeout] Query timed out: msg id 44924
[Timeout] Query timed out: msg id 45044
[Timeout] Query timed out: msg id 43214
[Timeout] Query timed out: msg id 45045
[Timeout] Query timed out: msg id 45046
[Timeout] Query timed out: msg id 45047
[Timeout] Query timed out: msg id 45048
[Timeout] Query timed out: msg id 45049
[Timeout] Query timed out: msg id 45050
[Timeout] Query timed out: msg id 45051
[Timeout] Query timed out: msg id 45052
[Timeout] Query timed out: msg id 45053
[Timeout] Query timed out: msg id 45054
[Timeout] Query timed out: msg id 45055
[Timeout] Query timed out: msg id 45056
[Timeout] Query timed out: msg id 45057
[Timeout] Query timed out: msg id 45058
[Timeout] Query timed out: msg id 45695
[Timeout] Query timed out: msg id 44377
[Timeout] Query timed out: msg id 46405
[Timeout] Query timed out: msg id 46406
[Timeout] Query timed out: msg id 46407
[Timeout] Query timed out: msg id 46408
[Timeout] Query timed out: msg id 46409
[Timeout] Query timed out: msg id 46410
[Timeout] Query timed out: msg id 46411
[Timeout] Query timed out: msg id 48042
[Timeout] Query timed out: msg id 48043
[Timeout] Query timed out: msg id 48044
[Timeout] Query timed out: msg id 48045
[Timeout] Query timed out: msg id 48046
[Timeout] Query timed out: msg id 48047
[Timeout] Query timed out: msg id 48048
[Timeout] Query timed out: msg id 48049
[Timeout] Query timed out: msg id 48050
[Timeout] Query timed out: msg id 48051
[Timeout] Query timed out: msg id 48052
[Timeout] Query timed out: msg id 48053
[Timeout] Query timed out: msg id 48054
[Timeout] Query timed out: msg id 48055
[Timeout] Query timed out: msg id 49742
[Timeout] Query timed out: msg id 52214
[Timeout] Query timed out: msg id 52215
[Timeout] Query timed out: msg id 52222
[Timeout] Query timed out: msg id 52223
[Timeout] Query timed out: msg id 52224
[Timeout] Query timed out: msg id 52225
[Timeout] Query timed out: msg id 54484
[Timeout] Query timed out: msg id 54485
[Timeout] Query timed out: msg id 54486
[Timeout] Query timed out: msg id 54487
[Timeout] Query timed out: msg id 54488
[Timeout] Query timed out: msg id 54489
[Timeout] Query timed out: msg id 54490
[Timeout] Query timed out: msg id 55883
[Timeout] Query timed out: msg id 55884
[Timeout] Query timed out: msg id 55885
[Timeout] Query timed out: msg id 55902
[Timeout] Query timed out: msg id 55903
[Timeout] Query timed out: msg id 56550
[Timeout] Query timed out: msg id 56551
[Timeout] Query timed out: msg id 56552
[Timeout] Query timed out: msg id 56553
[Timeout] Query timed out: msg id 56554
[Timeout] Query timed out: msg id 56555
[Timeout] Query timed out: msg id 56556
[Timeout] Query timed out: msg id 56557
[Timeout] Query timed out: msg id 56558
[Timeout] Query timed out: msg id 56559
[Timeout] Query timed out: msg id 56560
[Timeout] Query timed out: msg id 56561
[Timeout] Query timed out: msg id 59527
[Timeout] Query timed out: msg id 59996
[Timeout] Query timed out: msg id 60017
[Timeout] Query timed out: msg id 60018
[Timeout] Query timed out: msg id 60019
[Timeout] Query timed out: msg id 60020
[Timeout] Query timed out: msg id 60021
[Timeout] Query timed out: msg id 60022
[Timeout] Query timed out: msg id 60023
[Timeout] Query timed out: msg id 60546
[Timeout] Query timed out: msg id 60547
[Timeout] Query timed out: msg id 60548
[Timeout] Query timed out: msg id 60549
[Timeout] Query timed out: msg id 60550
[Timeout] Query timed out: msg id 3662
[Timeout] Query timed out: msg id 4778
[Timeout] Query timed out: msg id 5316
[Timeout] Query timed out: msg id 5317
[Timeout] Query timed out: msg id 5318
[Timeout] Query timed out: msg id 5319
[Timeout] Query timed out: msg id 5320
[Timeout] Query timed out: msg id 5321
[Timeout] Query timed out: msg id 5322
[Timeout] Query timed out: msg id 5323
[Timeout] Query timed out: msg id 5324
[Timeout] Query timed out: msg id 5325
[Timeout] Query timed out: msg id 5326
[Timeout] Query timed out: msg id 5327
[Timeout] Query timed out: msg id 5328
[Timeout] Query timed out: msg id 5329
[Timeout] Query timed out: msg id 5330
[Timeout] Query timed out: msg id 6766
[Timeout] Query timed out: msg id 6767
[Timeout] Query timed out: msg id 6768
[Timeout] Query timed out: msg id 6769
[Timeout] Query timed out: msg id 7145
[Timeout] Query timed out: msg id 7146
[Timeout] Query timed out: msg id 7147
[Timeout] Query timed out: msg id 7148
[Timeout] Query timed out: msg id 7149
[Timeout] Query timed out: msg id 7150
[Timeout] Query timed out: msg id 7151
[Timeout] Query timed out: msg id 7152
[Timeout] Query timed out: msg id 7153
[Timeout] Query timed out: msg id 7154
[Timeout] Query timed out: msg id 7155
[Timeout] Query timed out: msg id 7156
[Timeout] Query timed out: msg id 7157
[Timeout] Query timed out: msg id 7158
[Timeout] Query timed out: msg id 7159
[Timeout] Query timed out: msg id 7160
[Timeout] Query timed out: msg id 7161
[Timeout] Query timed out: msg id 7162
[Timeout] Query timed out: msg id 7163
[Timeout] Query timed out: msg id 7164
[Timeout] Query timed out: msg id 7646
[Timeout] Query timed out: msg id 7647
[Timeout] Query timed out: msg id 8541
[Timeout] Query timed out: msg id 12388
[Timeout] Query timed out: msg id 12389
[Timeout] Query timed out: msg id 12390
[Timeout] Query timed out: msg id 12391
[Timeout] Query timed out: msg id 12392
[Timeout] Query timed out: msg id 12393
[Timeout] Query timed out: msg id 12394
[Timeout] Query timed out: msg id 12395
[Timeout] Query timed out: msg id 12396
[Timeout] Query timed out: msg id 12397
[Timeout] Query timed out: msg id 12398
[Timeout] Query timed out: msg id 12399
[Timeout] Query timed out: msg id 12400
[Timeout] Query timed out: msg id 12401
[Timeout] Query timed out: msg id 12402
[Timeout] Query timed out: msg id 12403
[Timeout] Query timed out: msg id 12404
[Timeout] Query timed out: msg id 15974
[Timeout] Query timed out: msg id 16673
[Timeout] Query timed out: msg id 17620
[Timeout] Query timed out: msg id 17621
[Timeout] Query timed out: msg id 17622
[Timeout] Query timed out: msg id 17623
[Timeout] Query timed out: msg id 17624
[Timeout] Query timed out: msg id 17625
[Timeout] Query timed out: msg id 17626
[Timeout] Query timed out: msg id 17627
[Timeout] Query timed out: msg id 17628
[Timeout] Query timed out: msg id 17629
[Timeout] Query timed out: msg id 17630
[Timeout] Query timed out: msg id 17631
[Timeout] Query timed out: msg id 17632
[Timeout] Query timed out: msg id 17633
[Timeout] Query timed out: msg id 17634
[Timeout] Query timed out: msg id 17635
[Timeout] Query timed out: msg id 17637
[Timeout] Query timed out: msg id 17638
[Timeout] Query timed out: msg id 18194
[Timeout] Query timed out: msg id 18195
[Timeout] Query timed out: msg id 18196
[Timeout] Query timed out: msg id 18197
[Timeout] Query timed out: msg id 18198
[Timeout] Query timed out: msg id 18199
[Timeout] Query timed out: msg id 18200
[Timeout] Query timed out: msg id 18201
[Timeout] Query timed out: msg id 16683
[Timeout] Query timed out: msg id 18659
[Timeout] Query timed out: msg id 18675
[Timeout] Query timed out: msg id 18676
[Timeout] Query timed out: msg id 18679
[Timeout] Query timed out: msg id 18680
[Timeout] Query timed out: msg id 18681
[Timeout] Query timed out: msg id 18682
[Timeout] Query timed out: msg id 18683
[Timeout] Query timed out: msg id 20282
[Timeout] Query timed out: msg id 20283
[Timeout] Query timed out: msg id 20284
[Timeout] Query timed out: msg id 20285
[Timeout] Query timed out: msg id 20286
[Timeout] Query timed out: msg id 20287
[Timeout] Query timed out: msg id 20288
[Timeout] Query timed out: msg id 20289
[Timeout] Query timed out: msg id 20290
[Timeout] Query timed out: msg id 20291
[Timeout] Query timed out: msg id 20292
[Timeout] Query timed out: msg id 20293
[Timeout] Query timed out: msg id 20294
[Timeout] Query timed out: msg id 20295
[Timeout] Query timed out: msg id 20296
[Timeout] Query timed out: msg id 20297
[Timeout] Query timed out: msg id 20298
[Timeout] Query timed out: msg id 20299
[Timeout] Query timed out: msg id 20571
[Timeout] Query timed out: msg id 21161
[Timeout] Query timed out: msg id 21162
[Timeout] Query timed out: msg id 24444
[Timeout] Query timed out: msg id 24318
[Timeout] Query timed out: msg id 26167
[Timeout] Query timed out: msg id 26168
[Timeout] Query timed out: msg id 26169
[Timeout] Query timed out: msg id 24319
[Timeout] Query timed out: msg id 26173
[Timeout] Query timed out: msg id 26175
[Timeout] Query timed out: msg id 28211
[Timeout] Query timed out: msg id 28212
[Timeout] Query timed out: msg id 28213
[Timeout] Query timed out: msg id 28214
[Timeout] Query timed out: msg id 28215
[Timeout] Query timed out: msg id 28216
[Timeout] Query timed out: msg id 28217
[Timeout] Query timed out: msg id 28218
[Timeout] Query timed out: msg id 28219
[Timeout] Query timed out: msg id 28220
[Timeout] Query timed out: msg id 28221
[Timeout] Query timed out: msg id 28222
[Timeout] Query timed out: msg id 28223
[Timeout] Query timed out: msg id 28224
[Timeout] Query timed out: msg id 28225
[Timeout] Query timed out: msg id 28226
[Timeout] Query timed out: msg id 28227
[Timeout] Query timed out: msg id 28228
[Timeout] Query timed out: msg id 28229
[Timeout] Query timed out: msg id 28778
[Timeout] Query timed out: msg id 28779
[Timeout] Query timed out: msg id 28780
[Timeout] Query timed out: msg id 29082
[Timeout] Query timed out: msg id 29195
[Timeout] Query timed out: msg id 29196
[Timeout] Query timed out: msg id 29197
[Timeout] Query timed out: msg id 29657
[Timeout] Query timed out: msg id 29658
[Timeout] Query timed out: msg id 29659
[Timeout] Query timed out: msg id 29660
[Timeout] Query timed out: msg id 29805
[Timeout] Query timed out: msg id 29806
[Timeout] Query timed out: msg id 29807
[Timeout] Query timed out: msg id 29808
[Timeout] Query timed out: msg id 29809
[Timeout] Query timed out: msg id 30892
[Timeout] Query timed out: msg id 30893
[Timeout] Query timed out: msg id 30894
[Timeout] Query timed out: msg id 30896
[Timeout] Query timed out: msg id 31253
[Timeout] Query timed out: msg id 31254
[Timeout] Query timed out: msg id 31255
[Timeout] Query timed out: msg id 31256
[Timeout] Query timed out: msg id 31257
[Timeout] Query timed out: msg id 31258
[Timeout] Query timed out: msg id 31259
[Timeout] Query timed out: msg id 29434
[Timeout] Query timed out: msg id 29439
[Timeout] Query timed out: msg id 29445
[Timeout] Query timed out: msg id 29446
[Timeout] Query timed out: msg id 31260
[Timeout] Query timed out: msg id 31261
[Timeout] Query timed out: msg id 31262
[Timeout] Query timed out: msg id 31263
[Timeout] Query timed out: msg id 31382
[Timeout] Query timed out: msg id 31385
[Timeout] Query timed out: msg id 31386
[Timeout] Query timed out: msg id 31395
[Timeout] Query timed out: msg id 31406
[Timeout] Query timed out: msg id 31411
[Timeout] Query timed out: msg id 29559
[Timeout] Query timed out: msg id 32460
[Timeout] Query timed out: msg id 32461
[Timeout] Query timed out: msg id 30547
[Timeout] Query timed out: msg id 30586
[Timeout] Query timed out: msg id 30587
[Timeout] Query timed out: msg id 30588
[Timeout] Query timed out: msg id 30548
[Timeout] Query timed out: msg id 32462
[Timeout] Query timed out: msg id 30589
[Timeout] Query timed out: msg id 30590
[Timeout] Query timed out: msg id 30551
[Timeout] Query timed out: msg id 30552
[Timeout] Query timed out: msg id 30591
[Timeout] Query timed out: msg id 30554
[Timeout] Query timed out: msg id 30592
[Timeout] Query timed out: msg id 30555
[Timeout] Query timed out: msg id 32463
[Timeout] Query timed out: msg id 32464
[Timeout] Query timed out: msg id 30593
[Timeout] Query timed out: msg id 30594
[Timeout] Query timed out: msg id 32465
[Timeout] Query timed out: msg id 32466
[Timeout] Query timed out: msg id 32467
[Timeout] Query timed out: msg id 32468
[Timeout] Query timed out: msg id 32819
[Timeout] Query timed out: msg id 32820
[Timeout] Query timed out: msg id 32821
[Timeout] Query timed out: msg id 32822
[Timeout] Query timed out: msg id 32823
[Timeout] Query timed out: msg id 32824
[Timeout] Query timed out: msg id 32825
[Timeout] Query timed out: msg id 32826
[Timeout] Query timed out: msg id 32827
[Timeout] Query timed out: msg id 32828
[Timeout] Query timed out: msg id 32829
[Timeout] Query timed out: msg id 32830
[Timeout] Query timed out: msg id 32831
[Timeout] Query timed out: msg id 32832
[Timeout] Query timed out: msg id 32844
[Timeout] Query timed out: msg id 32845
[Timeout] Query timed out: msg id 32846
[Timeout] Query timed out: msg id 33022
[Timeout] Query timed out: msg id 33122
[Timeout] Query timed out: msg id 33168
[Timeout] Query timed out: msg id 33976
[Timeout] Query timed out: msg id 33977
[Timeout] Query timed out: msg id 34604
[Timeout] Query timed out: msg id 35398
[Timeout] Query timed out: msg id 35399
[Timeout] Query timed out: msg id 35400
[Timeout] Query timed out: msg id 35401
[Timeout] Query timed out: msg id 35402
[Timeout] Query timed out: msg id 35403
[Timeout] Query timed out: msg id 35404
[Timeout] Query timed out: msg id 35405
[Timeout] Query timed out: msg id 35406
[Timeout] Query timed out: msg id 35407
[Timeout] Query timed out: msg id 35408
[Timeout] Query timed out: msg id 35409
[Timeout] Query timed out: msg id 35410
[Timeout] Query timed out: msg id 35411
[Timeout] Query timed out: msg id 35412
[Timeout] Query timed out: msg id 35413
[Timeout] Query timed out: msg id 35414
[Timeout] Query timed out: msg id 35415
[Timeout] Query timed out: msg id 35416
[Timeout] Query timed out: msg id 35417
[Timeout] Query timed out: msg id 35418
[Timeout] Query timed out: msg id 35419
[Timeout] Query timed out: msg id 35420
[Timeout] Query timed out: msg id 35934
[Timeout] Query timed out: msg id 36608
[Timeout] Query timed out: msg id 36609
[Timeout] Query timed out: msg id 36610
[Timeout] Query timed out: msg id 36611
[Timeout] Query timed out: msg id 36612
[Timeout] Query timed out: msg id 36613
[Timeout] Query timed out: msg id 36614
[Timeout] Query timed out: msg id 36615
[Timeout] Query timed out: msg id 36616
[Timeout] Query timed out: msg id 36617
[Timeout] Query timed out: msg id 36618
[Timeout] Query timed out: msg id 36619
[Timeout] Query timed out: msg id 36620
[Timeout] Query timed out: msg id 36621
[Timeout] Query timed out: msg id 36622
[Timeout] Query timed out: msg id 36623
[Timeout] Query timed out: msg id 36624
[Timeout] Query timed out: msg id 36625
[Timeout] Query timed out: msg id 36626
[Timeout] Query timed out: msg id 36627
[Timeout] Query timed out: msg id 37735
[Timeout] Query timed out: msg id 37736
[Timeout] Query timed out: msg id 37737
[Timeout] Query timed out: msg id 37738
[Timeout] Query timed out: msg id 37739
[Timeout] Query timed out: msg id 37740
[Timeout] Query timed out: msg id 37741
[Timeout] Query timed out: msg id 37742
[Timeout] Query timed out: msg id 37743
[Timeout] Query timed out: msg id 35845
[Timeout] Query timed out: msg id 37744
[Timeout] Query timed out: msg id 37745
[Timeout] Query timed out: msg id 37746
[Timeout] Query timed out: msg id 35846
[Timeout] Query timed out: msg id 38315
[Timeout] Query timed out: msg id 38316
[Timeout] Query timed out: msg id 38317
[Timeout] Query timed out: msg id 38318
[Timeout] Query timed out: msg id 38319
[Timeout] Query timed out: msg id 36959
[Timeout] Query timed out: msg id 38810
[Timeout] Query timed out: msg id 38811
[Timeout] Query timed out: msg id 36960
[Timeout] Query timed out: msg id 36961
[Timeout] Query timed out: msg id 38812
[Timeout] Query timed out: msg id 37081
[Timeout] Query timed out: msg id 37082
[Timeout] Query timed out: msg id 37083
[Timeout] Query timed out: msg id 39188
[Timeout] Query timed out: msg id 39189
[Timeout] Query timed out: msg id 39190
[Timeout] Query timed out: msg id 39191
[Timeout] Query timed out: msg id 39192
[Timeout] Query timed out: msg id 39193
[Timeout] Query timed out: msg id 39194
[Timeout] Query timed out: msg id 39195
[Timeout] Query timed out: msg id 39196
[Timeout] Query timed out: msg id 39197
[Timeout] Query timed out: msg id 39198
[Timeout] Query timed out: msg id 39199
[Timeout] Query timed out: msg id 39200
[Timeout] Query timed out: msg id 39201
[Timeout] Query timed out: msg id 39202
[Timeout] Query timed out: msg id 39203
[Timeout] Query timed out: msg id 39204
[Timeout] Query timed out: msg id 39821
[Timeout] Query timed out: msg id 39822
[Timeout] Query timed out: msg id 39823
[Timeout] Query timed out: msg id 39824
[Timeout] Query timed out: msg id 39825
[Timeout] Query timed out: msg id 39826
[Timeout] Query timed out: msg id 39827
[Timeout] Query timed out: msg id 39828
[Timeout] Query timed out: msg id 39829
[Timeout] Query timed out: msg id 40189
[Timeout] Query timed out: msg id 40190
[Timeout] Query timed out: msg id 40191
[Timeout] Query timed out: msg id 40192
[Timeout] Query timed out: msg id 40193
[Timeout] Query timed out: msg id 38635
[Timeout] Query timed out: msg id 40703
[Timeout] Query timed out: msg id 40704
[Timeout] Query timed out: msg id 40705
[Timeout] Query timed out: msg id 40706
[Timeout] Query timed out: msg id 40707
[Timeout] Query timed out: msg id 40708
[Timeout] Query timed out: msg id 40709
[Timeout] Query timed out: msg id 40710
[Timeout] Query timed out: msg id 40711
[Timeout] Query timed out: msg id 40712
[Timeout] Query timed out: msg id 40713
[Timeout] Query timed out: msg id 40714
[Timeout] Query timed out: msg id 40715
[Timeout] Query timed out: msg id 40716
[Timeout] Query timed out: msg id 40717
[Timeout] Query timed out: msg id 40718
[Timeout] Query timed out: msg id 40719
[Timeout] Query timed out: msg id 40720
[Timeout] Query timed out: msg id 40721
[Timeout] Query timed out: msg id 40722
[Timeout] Query timed out: msg id 40723
[Timeout] Query timed out: msg id 40724
[Timeout] Query timed out: msg id 40725
[Timeout] Query timed out: msg id 40726
[Timeout] Query timed out: msg id 41719
[Timeout] Query timed out: msg id 41720
[Timeout] Query timed out: msg id 41721
[Timeout] Query timed out: msg id 46454
[Timeout] Query timed out: msg id 46455
[Timeout] Query timed out: msg id 46456
[Timeout] Query timed out: msg id 46457
[Timeout] Query timed out: msg id 46458
[Timeout] Query timed out: msg id 46459
[Timeout] Query timed out: msg id 46460
[Timeout] Query timed out: msg id 46461
[Timeout] Query timed out: msg id 46462
[Timeout] Query timed out: msg id 46463
[Timeout] Query timed out: msg id 46464
[Timeout] Query timed out: msg id 46465
[Timeout] Query timed out: msg id 46466
[Timeout] Query timed out: msg id 46467
[Timeout] Query timed out: msg id 46962
[Timeout] Query timed out: msg id 46963
[Timeout] Query timed out: msg id 46964
[Timeout] Query timed out: msg id 46965
[Timeout] Query timed out: msg id 46966
[Timeout] Query timed out: msg id 46967
[Timeout] Query timed out: msg id 46968
[Timeout] Query timed out: msg id 46969
[Timeout] Query timed out: msg id 46970
[Timeout] Query timed out: msg id 46971
[Timeout] Query timed out: msg id 46972
[Timeout] Query timed out: msg id 46973
[Timeout] Query timed out: msg id 46974
[Timeout] Query timed out: msg id 46975
[Timeout] Query timed out: msg id 46976
[Timeout] Query timed out: msg id 46977
[Timeout] Query timed out: msg id 46978
[Timeout] Query timed out: msg id 46979
[Timeout] Query timed out: msg id 46980
[Timeout] Query timed out: msg id 46981
[Timeout] Query timed out: msg id 46982
[Timeout] Query timed out: msg id 46983
[Timeout] Query timed out: msg id 46984
[Timeout] Query timed out: msg id 46985
[Timeout] Query timed out: msg id 47196
[Timeout] Query timed out: msg id 48060
[Timeout] Query timed out: msg id 48061
[Timeout] Query timed out: msg id 48062
[Timeout] Query timed out: msg id 48063
[Timeout] Query timed out: msg id 48064
[Timeout] Query timed out: msg id 48065
[Timeout] Query timed out: msg id 48066
[Timeout] Query timed out: msg id 48067
[Timeout] Query timed out: msg id 48068
[Timeout] Query timed out: msg id 48069
[Timeout] Query timed out: msg id 48070
[Timeout] Query timed out: msg id 48071
[Timeout] Query timed out: msg id 48072
[Timeout] Query timed out: msg id 48073
[Timeout] Query timed out: msg id 48576
[Timeout] Query timed out: msg id 49601
[Timeout] Query timed out: msg id 49602
[Timeout] Query timed out: msg id 50081
[Timeout] Query timed out: msg id 50082
[Timeout] Query timed out: msg id 50083
[Timeout] Query timed out: msg id 50084
[Timeout] Query timed out: msg id 50085
[Timeout] Query timed out: msg id 50508
[Timeout] Query timed out: msg id 50509
[Timeout] Query timed out: msg id 50633
[Timeout] Query timed out: msg id 50634
[Timeout] Query timed out: msg id 50635
[Timeout] Query timed out: msg id 51157
[Timeout] Query timed out: msg id 51158
[Timeout] Query timed out: msg id 51159
[Timeout] Query timed out: msg id 51160
[Timeout] Query timed out: msg id 51161
[Timeout] Query timed out: msg id 51162
[Timeout] Query timed out: msg id 51163
[Timeout] Query timed out: msg id 51164
[Timeout] Query timed out: msg id 51165
[Timeout] Query timed out: msg id 51166
[Timeout] Query timed out: msg id 51314
[Timeout] Query timed out: msg id 51315
[Timeout] Query timed out: msg id 51316
[Timeout] Query timed out: msg id 49464
[Timeout] Query timed out: msg id 49465
[Timeout] Query timed out: msg id 53300
[Timeout] Query timed out: msg id 53301
[Timeout] Query timed out: msg id 53302
[Timeout] Query timed out: msg id 53303
[Timeout] Query timed out: msg id 53304
[Timeout] Query timed out: msg id 53305
[Timeout] Query timed out: msg id 53306
[Timeout] Query timed out: msg id 53307
[Timeout] Query timed out: msg id 53308
[Timeout] Query timed out: msg id 53309
[Timeout] Query timed out: msg id 53310
[Timeout] Query timed out: msg id 53311
[Timeout] Query timed out: msg id 58193
[Timeout] Query timed out: msg id 58194
[Timeout] Query timed out: msg id 56366
[Timeout] Query timed out: msg id 58195
[Timeout] Query timed out: msg id 58196
[Timeout] Query timed out: msg id 56367
[Timeout] Query timed out: msg id 56368
[Timeout] Query timed out: msg id 56369
[Timeout] Query timed out: msg id 56370
[Timeout] Query timed out: msg id 58197
[Timeout] Query timed out: msg id 58198
[Timeout] Query timed out: msg id 58199
[Timeout] Query timed out: msg id 56371
[Timeout] Query timed out: msg id 58200
[Timeout] Query timed out: msg id 58201
[Timeout] Query timed out: msg id 58202
[Timeout] Query timed out: msg id 58203
[Timeout] Query timed out: msg id 58204
[Timeout] Query timed out: msg id 58205
[Timeout] Query timed out: msg id 58593
[Timeout] Query timed out: msg id 59027
[Timeout] Query timed out: msg id 59028
[Timeout] Query timed out: msg id 59029
[Timeout] Query timed out: msg id 59030
[Timeout] Query timed out: msg id 59031
[Timeout] Query timed out: msg id 59032
[Timeout] Query timed out: msg id 59033
[Timeout] Query timed out: msg id 61797
[Timeout] Query timed out: msg id 61798
[Timeout] Query timed out: msg id 61799
[Timeout] Query timed out: msg id 61800
[Timeout] Query timed out: msg id 61801
[Timeout] Query timed out: msg id 62156
[Timeout] Query timed out: msg id 62157
[Timeout] Query timed out: msg id 62160
[Timeout] Query timed out: msg id 62161
[Timeout] Query timed out: msg id 62162
[Timeout] Query timed out: msg id 62163
[Timeout] Query timed out: msg id 62164
[Timeout] Query timed out: msg id 62165
[Timeout] Query timed out: msg id 62166
[Timeout] Query timed out: msg id 62167
[Timeout] Query timed out: msg id 62168
[Timeout] Query timed out: msg id 62169
[Timeout] Query timed out: msg id 62170
[Timeout] Query timed out: msg id 62171
[Timeout] Query timed out: msg id 62172
[Timeout] Query timed out: msg id 62173
[Timeout] Query timed out: msg id 62174
[Timeout] Query timed out: msg id 62175
[Timeout] Query timed out: msg id 62658
[Timeout] Query timed out: msg id 62659
[Timeout] Query timed out: msg id 62660
[Timeout] Query timed out: msg id 62661
[Timeout] Query timed out: msg id 62662
[Timeout] Query timed out: msg id 62663
[Timeout] Query timed out: msg id 62664
[Timeout] Query timed out: msg id 62665
[Timeout] Query timed out: msg id 62666
[Timeout] Query timed out: msg id 62667
[Timeout] Query timed out: msg id 62668
[Timeout] Query timed out: msg id 62669
[Timeout] Query timed out: msg id 62670
[Timeout] Query timed out: msg id 62671
[Timeout] Query timed out: msg id 63359
[Timeout] Query timed out: msg id 63360
[Timeout] Query timed out: msg id 63361
[Timeout] Query timed out: msg id 63362
[Timeout] Query timed out: msg id 63363
[Timeout] Query timed out: msg id 63364
[Timeout] Query timed out: msg id 63365
[Timeout] Query timed out: msg id 63366
[Timeout] Query timed out: msg id 63367
[Timeout] Query timed out: msg id 63368
[Timeout] Query timed out: msg id 63369
[Timeout] Query timed out: msg id 61521
[Timeout] Query timed out: msg id 63370
[Timeout] Query timed out: msg id 63371
[Timeout] Query timed out: msg id 63372
[Timeout] Query timed out: msg id 63781
[Timeout] Query timed out: msg id 63782
[Timeout] Query timed out: msg id 63783
[Timeout] Query timed out: msg id 63784
[Timeout] Query timed out: msg id 63785
[Timeout] Query timed out: msg id 63786
[Timeout] Query timed out: msg id 63787
[Timeout] Query timed out: msg id 63788
[Timeout] Query timed out: msg id 63789
[Timeout] Query timed out: msg id 63790
[Timeout] Query timed out: msg id 63791
[Timeout] Query timed out: msg id 63929
[Timeout] Query timed out: msg id 63930
[Timeout] Query timed out: msg id 63931
[Timeout] Query timed out: msg id 63932
[Timeout] Query timed out: msg id 63933
[Timeout] Query timed out: msg id 63934
[Timeout] Query timed out: msg id 63935
[Timeout] Query timed out: msg id 63936
[Timeout] Query timed out: msg id 63937
[Timeout] Query timed out: msg id 64292
[Timeout] Query timed out: msg id 64293
[Timeout] Query timed out: msg id 64294
[Timeout] Query timed out: msg id 64295
[Timeout] Query timed out: msg id 64296
[Timeout] Query timed out: msg id 64297
[Timeout] Query timed out: msg id 64298
[Timeout] Query timed out: msg id 64299
[Timeout] Query timed out: msg id 64300
[Timeout] Query timed out: msg id 64301
[Timeout] Query timed out: msg id 64302
[Timeout] Query timed out: msg id 64303
[Timeout] Query timed out: msg id 64304
[Timeout] Query timed out: msg id 64305
[Timeout] Query timed out: msg id 64306
[Timeout] Query timed out: msg id 64307
[Timeout] Query timed out: msg id 64308
[Timeout] Query timed out: msg id 64309
[Timeout] Query timed out: msg id 64310
[Timeout] Query timed out: msg id 64311
[Timeout] Query timed out: msg id 64312
[Timeout] Query timed out: msg id 64313
[Timeout] Query timed out: msg id 65445
[Timeout] Query timed out: msg id 65446
[Timeout] Query timed out: msg id 65447
[Timeout] Query timed out: msg id 65448
[Timeout] Query timed out: msg id 65449
[Timeout] Query timed out: msg id 65450
[Timeout] Query timed out: msg id 65451
[Timeout] Query timed out: msg id 65452
[Timeout] Query timed out: msg id 65453
[Timeout] Query timed out: msg id 65454
[Timeout] Query timed out: msg id 65455
[Timeout] Query timed out: msg id 63608
[Timeout] Query timed out: msg id 63609
[Timeout] Query timed out: msg id 65456
[Timeout] Query timed out: msg id 63610
[Timeout] Query timed out: msg id 65457
[Timeout] Query timed out: msg id 65458
[Timeout] Query timed out: msg id 65459
[Timeout] Query timed out: msg id 65460
[Timeout] Query timed out: msg id 65461
[Timeout] Query timed out: msg id 65462
[Timeout] Query timed out: msg id 65463
[Timeout] Query timed out: msg id 63611
[Timeout] Query timed out: msg id 63612
[Timeout] Query timed out: msg id 65464
[Timeout] Query timed out: msg id 775
[Timeout] Query timed out: msg id 776
[Timeout] Query timed out: msg id 777
[Timeout] Query timed out: msg id 778
[Timeout] Query timed out: msg id 779
[Timeout] Query timed out: msg id 780
[Timeout] Query timed out: msg id 781
[Timeout] Query timed out: msg id 782
[Timeout] Query timed out: msg id 783
[Timeout] Query timed out: msg id 784
[Timeout] Query timed out: msg id 785
[Timeout] Query timed out: msg id 786
[Timeout] Query timed out: msg id 787
[Timeout] Query timed out: msg id 788
[Timeout] Query timed out: msg id 789
[Timeout] Query timed out: msg id 790
[Timeout] Query timed out: msg id 791
[Timeout] Query timed out: msg id 792
[Timeout] Query timed out: msg id 1821
[Timeout] Query timed out: msg id 1822
[Timeout] Query timed out: msg id 1823
[Timeout] Query timed out: msg id 1824
[Timeout] Query timed out: msg id 1825
[Timeout] Query timed out: msg id 1826
[Timeout] Query timed out: msg id 1827
[Timeout] Query timed out: msg id 1828
[Timeout] Query timed out: msg id 1829
[Timeout] Query timed out: msg id 1830
[Timeout] Query timed out: msg id 1831
[Timeout] Query timed out: msg id 1990
[Timeout] Query timed out: msg id 1991
[Timeout] Query timed out: msg id 1992
[Timeout] Query timed out: msg id 2380
[Timeout] Query timed out: msg id 2381
[Timeout] Query timed out: msg id 2382
[Timeout] Query timed out: msg id 2383
[Timeout] Query timed out: msg id 2384
[Timeout] Query timed out: msg id 2385
[Timeout] Query timed out: msg id 2386
[Timeout] Query timed out: msg id 2387
[Timeout] Query timed out: msg id 2388
[Timeout] Query timed out: msg id 2389
[Timeout] Query timed out: msg id 2390
[Timeout] Query timed out: msg id 2391
[Timeout] Query timed out: msg id 530
[Timeout] Query timed out: msg id 531
[Timeout] Query timed out: msg id 2392
[Timeout] Query timed out: msg id 2393
[Timeout] Query timed out: msg id 2394
[Timeout] Query timed out: msg id 2395
[Timeout] Query timed out: msg id 2396
[Timeout] Query timed out: msg id 2397
[Timeout] Query timed out: msg id 2398
[Timeout] Query timed out: msg id 2399
[Timeout] Query timed out: msg id 2400
[Timeout] Query timed out: msg id 2401
[Timeout] Query timed out: msg id 2889
[Timeout] Query timed out: msg id 2890
[Timeout] Query timed out: msg id 2891
[Timeout] Query timed out: msg id 2892
[Timeout] Query timed out: msg id 2893
[Timeout] Query timed out: msg id 2894
[Timeout] Query timed out: msg id 2895
[Timeout] Query timed out: msg id 2896
[Timeout] Query timed out: msg id 2897
[Timeout] Query timed out: msg id 2898
[Timeout] Query timed out: msg id 2899
[Timeout] Query timed out: msg id 2900
[Timeout] Query timed out: msg id 2901
[Timeout] Query timed out: msg id 2974
[Timeout] Query timed out: msg id 3394
[Timeout] Query timed out: msg id 3410
[Timeout] Query timed out: msg id 3411
[Timeout] Query timed out: msg id 3412
[Timeout] Query timed out: msg id 3413
[Timeout] Query timed out: msg id 3414
[Timeout] Query timed out: msg id 3415
[Timeout] Query timed out: msg id 3416
[Timeout] Query timed out: msg id 3417
[Timeout] Query timed out: msg id 3418
[Timeout] Query timed out: msg id 3419
[Timeout] Query timed out: msg id 3420
[Timeout] Query timed out: msg id 3421
[Timeout] Query timed out: msg id 3422
[Timeout] Query timed out: msg id 3423
[Timeout] Query timed out: msg id 3424
[Timeout] Query timed out: msg id 3425
[Timeout] Query timed out: msg id 3426
[Timeout] Query timed out: msg id 3427
[Timeout] Query timed out: msg id 3649
[Timeout] Query timed out: msg id 3651
[Timeout] Query timed out: msg id 5170
[Timeout] Query timed out: msg id 5171
[Timeout] Query timed out: msg id 5172
[Timeout] Query timed out: msg id 5173
[Timeout] Query timed out: msg id 5174
[Timeout] Query timed out: msg id 5175
[Timeout] Query timed out: msg id 5176
[Timeout] Query timed out: msg id 5177
[Timeout] Query timed out: msg id 5178
[Timeout] Query timed out: msg id 5179
[Timeout] Query timed out: msg id 5180
[Timeout] Query timed out: msg id 5181
[Timeout] Query timed out: msg id 5182
[Timeout] Query timed out: msg id 5183
[Timeout] Query timed out: msg id 5719
[Timeout] Query timed out: msg id 5720
[Timeout] Query timed out: msg id 5721
[Timeout] Query timed out: msg id 5722
[Timeout] Query timed out: msg id 3816
[Timeout] Query timed out: msg id 5723
[Timeout] Query timed out: msg id 5724
[Timeout] Query timed out: msg id 5725
[Timeout] Query timed out: msg id 5726
[Timeout] Query timed out: msg id 5727
[Timeout] Query timed out: msg id 5728
[Timeout] Query timed out: msg id 3847
[Timeout] Query timed out: msg id 5729
[Timeout] Query timed out: msg id 5730
[Timeout] Query timed out: msg id 5731
[Timeout] Query timed out: msg id 5732
[Timeout] Query timed out: msg id 6179
[Timeout] Query timed out: msg id 6180
[Timeout] Query timed out: msg id 6181
[Timeout] Query timed out: msg id 6182
[Timeout] Query timed out: msg id 6183
[Timeout] Query timed out: msg id 6184
[Timeout] Query timed out: msg id 6185
[Timeout] Query timed out: msg id 6186
[Timeout] Query timed out: msg id 6187
[Timeout] Query timed out: msg id 6188
[Timeout] Query timed out: msg id 6189
[Timeout] Query timed out: msg id 6190
[Timeout] Query timed out: msg id 6191
[Timeout] Query timed out: msg id 6192
[Timeout] Query timed out: msg id 6193
[Timeout] Query timed out: msg id 6194
[Timeout] Query timed out: msg id 6195
[Timeout] Query timed out: msg id 7299
[Timeout] Query timed out: msg id 7300
[Timeout] Query timed out: msg id 5492
[Timeout] Query timed out: msg id 5493
[Timeout] Query timed out: msg id 7301
[Timeout] Query timed out: msg id 7302
[Timeout] Query timed out: msg id 5494
[Timeout] Query timed out: msg id 5495
[Timeout] Query timed out: msg id 7303
[Timeout] Query timed out: msg id 5496
[Timeout] Query timed out: msg id 7304
[Timeout] Query timed out: msg id 7305
[Timeout] Query timed out: msg id 7306
[Timeout] Query timed out: msg id 7307
[Timeout] Query timed out: msg id 7308
[Timeout] Query timed out: msg id 7309
[Timeout] Query timed out: msg id 7310
[Timeout] Query timed out: msg id 7311
[Timeout] Query timed out: msg id 7312
[Timeout] Query timed out: msg id 7313
[Timeout] Query timed out: msg id 8200
[Timeout] Query timed out: msg id 8201
[Timeout] Query timed out: msg id 8202
[Timeout] Query timed out: msg id 8203
[Timeout] Query timed out: msg id 8204
[Timeout] Query timed out: msg id 8205
[Timeout] Query timed out: msg id 8206
[Timeout] Query timed out: msg id 8207
[Timeout] Query timed out: msg id 8208
[Timeout] Query timed out: msg id 8209
[Timeout] Query timed out: msg id 8210
[Timeout] Query timed out: msg id 8211
[Timeout] Query timed out: msg id 8212
[Timeout] Query timed out: msg id 8213
[Timeout] Query timed out: msg id 8214
[Timeout] Query timed out: msg id 8215
[Timeout] Query timed out: msg id 8216
[Timeout] Query timed out: msg id 8217
[Timeout] Query timed out: msg id 8218
[Timeout] Query timed out: msg id 8219
[Timeout] Query timed out: msg id 8220
[Timeout] Query timed out: msg id 8221
[Timeout] Query timed out: msg id 8222
[Timeout] Query timed out: msg id 8223
[Timeout] Query timed out: msg id 8224
[Timeout] Query timed out: msg id 8225
[Timeout] Query timed out: msg id 8733
[Timeout] Query timed out: msg id 8734
[Timeout] Query timed out: msg id 8735
[Timeout] Query timed out: msg id 8736
[Timeout] Query timed out: msg id 8737
[Timeout] Query timed out: msg id 8738
[Timeout] Query timed out: msg id 8739
[Timeout] Query timed out: msg id 8740
[Timeout] Query timed out: msg id 8741
[Timeout] Query timed out: msg id 8742
[Timeout] Query timed out: msg id 8743
[Timeout] Query timed out: msg id 8744
[Timeout] Query timed out: msg id 8745
[Timeout] Query timed out: msg id 8746
[Timeout] Query timed out: msg id 8747
[Timeout] Query timed out: msg id 8748
[Timeout] Query timed out: msg id 8749
[Timeout] Query timed out: msg id 8750
[Timeout] Query timed out: msg id 8751
[Timeout] Query timed out: msg id 8752
[Timeout] Query timed out: msg id 8753
[Timeout] Query timed out: msg id 8754
[Timeout] Query timed out: msg id 8755
[Timeout] Query timed out: msg id 8756
[Timeout] Query timed out: msg id 8757
[Timeout] Query timed out: msg id 9240
[Timeout] Query timed out: msg id 7522
[Timeout] Query timed out: msg id 7523
[Timeout] Query timed out: msg id 7524
[Timeout] Query timed out: msg id 7525
[Timeout] Query timed out: msg id 9373
[Timeout] Query timed out: msg id 7526
[Timeout] Query timed out: msg id 9374
[Timeout] Query timed out: msg id 9375
[Timeout] Query timed out: msg id 9376
[Timeout] Query timed out: msg id 9377
[Timeout] Query timed out: msg id 9378
[Timeout] Query timed out: msg id 9379
[Timeout] Query timed out: msg id 9380
[Timeout] Query timed out: msg id 9381
[Timeout] Query timed out: msg id 9382
[Timeout] Query timed out: msg id 9383
[Timeout] Query timed out: msg id 9384
[Timeout] Query timed out: msg id 9385
[Timeout] Query timed out: msg id 9386
[Timeout] Query timed out: msg id 9387
[Timeout] Query timed out: msg id 9388
[Timeout] Query timed out: msg id 9389
[Timeout] Query timed out: msg id 10314
[Timeout] Query timed out: msg id 10315
[Timeout] Query timed out: msg id 10316
[Timeout] Query timed out: msg id 10317
[Timeout] Query timed out: msg id 10318
[Timeout] Query timed out: msg id 10319
[Timeout] Query timed out: msg id 10320
[Timeout] Query timed out: msg id 10333
[Timeout] Query timed out: msg id 10334
[Timeout] Query timed out: msg id 8599
[Timeout] Query timed out: msg id 8600
[Timeout] Query timed out: msg id 8601
[Timeout] Query timed out: msg id 10458
[Timeout] Query timed out: msg id 8602
[Timeout] Query timed out: msg id 10459
[Timeout] Query timed out: msg id 10460
[Timeout] Query timed out: msg id 10461
[Timeout] Query timed out: msg id 10462
[Timeout] Query timed out: msg id 10463
[Timeout] Query timed out: msg id 10464
[Timeout] Query timed out: msg id 10725
[Timeout] Query timed out: msg id 10726
[Timeout] Query timed out: msg id 10727
[Timeout] Query timed out: msg id 10728
[Timeout] Query timed out: msg id 10729
[Timeout] Query timed out: msg id 10730
[Timeout] Query timed out: msg id 10731
[Timeout] Query timed out: msg id 10732
[Timeout] Query timed out: msg id 10733
[Timeout] Query timed out: msg id 10734
[Timeout] Query timed out: msg id 10735
[Timeout] Query timed out: msg id 10736
[Timeout] Query timed out: msg id 10737
[Timeout] Query timed out: msg id 10738
[Timeout] Query timed out: msg id 10739
[Timeout] Query timed out: msg id 10740
[Timeout] Query timed out: msg id 10749
[Timeout] Query timed out: msg id 10750
[Timeout] Query timed out: msg id 10751
[Timeout] Query timed out: msg id 10752
[Timeout] Query timed out: msg id 10753
[Timeout] Query timed out: msg id 10754
[Timeout] Query timed out: msg id 10755
[Timeout] Query timed out: msg id 10756
[Timeout] Query timed out: msg id 10757
[Timeout] Query timed out: msg id 10758
[Timeout] Query timed out: msg id 10759
[Timeout] Query timed out: msg id 10933
[Timeout] Query timed out: msg id 10934
[Timeout] Query timed out: msg id 11543
[Timeout] Query timed out: msg id 11544
[Timeout] Query timed out: msg id 11545
[Timeout] Query timed out: msg id 11546
[Timeout] Query timed out: msg id 9666
[Timeout] Query timed out: msg id 11547
[Timeout] Query timed out: msg id 11917
[Timeout] Query timed out: msg id 11918
[Timeout] Query timed out: msg id 11919
[Timeout] Query timed out: msg id 12379
[Timeout] Query timed out: msg id 12380
[Timeout] Query timed out: msg id 12381
[Timeout] Query timed out: msg id 12382
[Timeout] Query timed out: msg id 12383
[Timeout] Query timed out: msg id 12384
[Timeout] Query timed out: msg id 12385
[Timeout] Query timed out: msg id 12386
[Timeout] Query timed out: msg id 12387
[Timeout] Query timed out: msg id 12405
[Timeout] Query timed out: msg id 12406
[Timeout] Query timed out: msg id 12407
[Timeout] Query timed out: msg id 12408
[Timeout] Query timed out: msg id 12409
[Timeout] Query timed out: msg id 12410
[Timeout] Query timed out: msg id 12411
[Timeout] Query timed out: msg id 12412
[Timeout] Query timed out: msg id 12413
[Timeout] Query timed out: msg id 12414
[Timeout] Query timed out: msg id 12904
[Timeout] Query timed out: msg id 12905
[Timeout] Query timed out: msg id 12906
[Timeout] Query timed out: msg id 12907
[Timeout] Query timed out: msg id 12908
[Timeout] Query timed out: msg id 12909
[Timeout] Query timed out: msg id 13409
[Timeout] Query timed out: msg id 13410
[Timeout] Query timed out: msg id 13411
[Timeout] Query timed out: msg id 13412
[Timeout] Query timed out: msg id 13413
[Timeout] Query timed out: msg id 14396
[Timeout] Query timed out: msg id 14425
[Timeout] Query timed out: msg id 14426
[Timeout] Query timed out: msg id 14427
[Timeout] Query timed out: msg id 14428
[Timeout] Query timed out: msg id 14429
[Timeout] Query timed out: msg id 14430
[Timeout] Query timed out: msg id 14431
[Timeout] Query timed out: msg id 14432
[Timeout] Query timed out: msg id 14433
[Timeout] Query timed out: msg id 14434
[Timeout] Query timed out: msg id 14401
[Timeout] Query timed out: msg id 14402
[Timeout] Query timed out: msg id 14403
[Timeout] Query timed out: msg id 16210
[Timeout] Query timed out: msg id 16599
[Timeout] Query timed out: msg id 16600
[Timeout] Query timed out: msg id 16601
[Timeout] Query timed out: msg id 16602
[Timeout] Query timed out: msg id 16603
[Timeout] Query timed out: msg id 16604
[Timeout] Query timed out: msg id 16605
[Timeout] Query timed out: msg id 16606
[Timeout] Query timed out: msg id 16607
[Timeout] Query timed out: msg id 16608
[Timeout] Query timed out: msg id 16609
[Timeout] Query timed out: msg id 16610
[Timeout] Query timed out: msg id 16611
[Timeout] Query timed out: msg id 16612
[Timeout] Query timed out: msg id 16613
[Timeout] Query timed out: msg id 16614
[Timeout] Query timed out: msg id 16615
[Timeout] Query timed out: msg id 16753
[Timeout] Query timed out: msg id 16754
[Timeout] Query timed out: msg id 16755
[Timeout] Query timed out: msg id 16756
[Timeout] Query timed out: msg id 16757
[Timeout] Query timed out: msg id 16758
[Timeout] Query timed out: msg id 16759
[Timeout] Query timed out: msg id 16760
[Timeout] Query timed out: msg id 16761
[Timeout] Query timed out: msg id 16762
[Timeout] Query timed out: msg id 16763
[Timeout] Query timed out: msg id 16764
[Timeout] Query timed out: msg id 16765
[Timeout] Query timed out: msg id 16766
[Timeout] Query timed out: msg id 16767
[Timeout] Query timed out: msg id 16768
[Timeout] Query timed out: msg id 16769
[Timeout] Query timed out: msg id 17105
[Timeout] Query timed out: msg id 17106
[Timeout] Query timed out: msg id 17107
[Timeout] Query timed out: msg id 17108
[Timeout] Query timed out: msg id 17109
[Timeout] Query timed out: msg id 17110
[Timeout] Query timed out: msg id 17111
[Timeout] Query timed out: msg id 17112
[Timeout] Query timed out: msg id 17113
[Timeout] Query timed out: msg id 17114
[Timeout] Query timed out: msg id 17115
[Timeout] Query timed out: msg id 17116
[Timeout] Query timed out: msg id 17117
[Timeout] Query timed out: msg id 17118
[Timeout] Query timed out: msg id 17119
[Timeout] Query timed out: msg id 17617
[Timeout] Query timed out: msg id 17618
[Timeout] Query timed out: msg id 17619
[Timeout] Query timed out: msg id 17639
[Timeout] Query timed out: msg id 17640
[Timeout] Query timed out: msg id 17641
[Timeout] Query timed out: msg id 17642
[Timeout] Query timed out: msg id 17643
[Timeout] Query timed out: msg id 17644
[Timeout] Query timed out: msg id 17645
[Timeout] Query timed out: msg id 17646
[Timeout] Query timed out: msg id 17647
[Timeout] Query timed out: msg id 17648
[Timeout] Query timed out: msg id 17649
[Timeout] Query timed out: msg id 17650
[Timeout] Query timed out: msg id 17651
[Timeout] Query timed out: msg id 17652
[Timeout] Query timed out: msg id 17778
[Timeout] Query timed out: msg id 17779
[Timeout] Query timed out: msg id 17780
[Timeout] Query timed out: msg id 17781
[Timeout] Query timed out: msg id 17782
[Timeout] Query timed out: msg id 17783
[Timeout] Query timed out: msg id 17784
[Timeout] Query timed out: msg id 17785
[Timeout] Query timed out: msg id 17786
[Timeout] Query timed out: msg id 17787
[Timeout] Query timed out: msg id 17788
[Timeout] Query timed out: msg id 17789
[Timeout] Query timed out: msg id 17790
[Timeout] Query timed out: msg id 17791
[Timeout] Query timed out: msg id 17792
[Timeout] Query timed out: msg id 17793
[Timeout] Query timed out: msg id 17794
[Timeout] Query timed out: msg id 17795
[Timeout] Query timed out: msg id 17796
[Timeout] Query timed out: msg id 17797
[Timeout] Query timed out: msg id 17798
[Timeout] Query timed out: msg id 17799
[Timeout] Query timed out: msg id 17800
[Timeout] Query timed out: msg id 17802
[Timeout] Query timed out: msg id 18218
[Timeout] Query timed out: msg id 18219
[Timeout] Query timed out: msg id 18220
[Timeout] Query timed out: msg id 18221
[Timeout] Query timed out: msg id 18222
[Timeout] Query timed out: msg id 18223
[Timeout] Query timed out: msg id 18224
[Timeout] Query timed out: msg id 18225
[Timeout] Query timed out: msg id 18226
[Timeout] Query timed out: msg id 18227
[Timeout] Query timed out: msg id 18228
[Timeout] Query timed out: msg id 18229
[Timeout] Query timed out: msg id 18230
[Timeout] Query timed out: msg id 19259
[Timeout] Query timed out: msg id 19260
[Timeout] Query timed out: msg id 19261
[Timeout] Query timed out: msg id 19262
[Timeout] Query timed out: msg id 19263
[Timeout] Query timed out: msg id 20463
[Timeout] Query timed out: msg id 20464
[Timeout] Query timed out: msg id 21815
[Timeout] Query timed out: msg id 21816
[Timeout] Query timed out: msg id 21817
[Timeout] Query timed out: msg id 21818
[Timeout] Query timed out: msg id 21819
[Timeout] Query timed out: msg id 21820
[Timeout] Query timed out: msg id 21821
[Timeout] Query timed out: msg id 21822
[Timeout] Query timed out: msg id 21823
[Timeout] Query timed out: msg id 21824
[Timeout] Query timed out: msg id 21825
[Timeout] Query timed out: msg id 21826
[Timeout] Query timed out: msg id 21827
[Timeout] Query timed out: msg id 21828
[Timeout] Query timed out: msg id 22361
[Timeout] Query timed out: msg id 22362
[Timeout] Query timed out: msg id 22363
[Timeout] Query timed out: msg id 22364
[Timeout] Query timed out: msg id 22365
[Timeout] Query timed out: msg id 22366
[Timeout] Query timed out: msg id 22367
[Timeout] Query timed out: msg id 22368
[Timeout] Query timed out: msg id 22369
[Timeout] Query timed out: msg id 22370
[Timeout] Query timed out: msg id 22371
[Timeout] Query timed out: msg id 22372
[Timeout] Query timed out: msg id 22373
[Timeout] Query timed out: msg id 22374
[Timeout] Query timed out: msg id 22380
[Timeout] Query timed out: msg id 22381
[Timeout] Query timed out: msg id 23956
[Timeout] Query timed out: msg id 24424
[Timeout] Query timed out: msg id 24425
[Timeout] Query timed out: msg id 24426
[Timeout] Query timed out: msg id 24427
[Timeout] Query timed out: msg id 24428
[Timeout] Query timed out: msg id 24429
[Timeout] Query timed out: msg id 24430
[Timeout] Query timed out: msg id 24431
[Timeout] Query timed out: msg id 24432
[Timeout] Query timed out: msg id 24433
[Timeout] Query timed out: msg id 24434
[Timeout] Query timed out: msg id 24435
[Timeout] Query timed out: msg id 24436
[Timeout] Query timed out: msg id 24437
[Timeout] Query timed out: msg id 24438
[Timeout] Query timed out: msg id 24439
[Timeout] Query timed out: msg id 24978
[Timeout] Query timed out: msg id 24979
[Timeout] Query timed out: msg id 24980
[Timeout] Query timed out: msg id 24981
[Timeout] Query timed out: msg id 24982
[Timeout] Query timed out: msg id 24983
[Timeout] Query timed out: msg id 24984
[Timeout] Query timed out: msg id 24985
[Timeout] Query timed out: msg id 24986
[Timeout] Query timed out: msg id 24987
[Timeout] Query timed out: msg id 24988
[Timeout] Query timed out: msg id 24989
[Timeout] Query timed out: msg id 24990
[Timeout] Query timed out: msg id 24991
[Timeout] Query timed out: msg id 24992
[Timeout] Query timed out: msg id 24993
[Timeout] Query timed out: msg id 24994
[Timeout] Query timed out: msg id 25527
[Timeout] Query timed out: msg id 25528
[Timeout] Query timed out: msg id 27088
[Timeout] Query timed out: msg id 27089
[Timeout] Query timed out: msg id 27090
[Timeout] Query timed out: msg id 27091
[Timeout] Query timed out: msg id 27092
[Timeout] Query timed out: msg id 27093
[Timeout] Query timed out: msg id 27094
[Timeout] Query timed out: msg id 27095
[Timeout] Query timed out: msg id 27096
[Timeout] Query timed out: msg id 27097
[Timeout] Query timed out: msg id 27098
[Timeout] Query timed out: msg id 27099
[Timeout] Query timed out: msg id 27100
[Timeout] Query timed out: msg id 27109
[Timeout] Query timed out: msg id 27249
[Timeout] Query timed out: msg id 27631
[Timeout] Query timed out: msg id 27632
[Timeout] Query timed out: msg id 27633
[Timeout] Query timed out: msg id 27634
[Timeout] Query timed out: msg id 27635
[Timeout] Query timed out: msg id 27636
[Timeout] Query timed out: msg id 27637
[Timeout] Query timed out: msg id 27638
[Timeout] Query timed out: msg id 27639
[Timeout] Query timed out: msg id 27812
[Timeout] Query timed out: msg id 25987
[Timeout] Query timed out: msg id 27813
[Timeout] Query timed out: msg id 27814
[Timeout] Query timed out: msg id 26995
[Timeout] Query timed out: msg id 26996
[Timeout] Query timed out: msg id 28899
[Timeout] Query timed out: msg id 27475
[Timeout] Query timed out: msg id 27476
[Timeout] Query timed out: msg id 29349
[Timeout] Query timed out: msg id 27477
[Timeout] Query timed out: msg id 29350
[Timeout] Query timed out: msg id 29351
[Timeout] Query timed out: msg id 29352
[Timeout] Query timed out: msg id 27478
[Timeout] Query timed out: msg id 29679
[Timeout] Query timed out: msg id 29680
[Timeout] Query timed out: msg id 29681
[Timeout] Query timed out: msg id 29682
[Timeout] Query timed out: msg id 29683
[Timeout] Query timed out: msg id 29684
[Timeout] Query timed out: msg id 29685
[Timeout] Query timed out: msg id 29686
[Timeout] Query timed out: msg id 29687
[Timeout] Query timed out: msg id 29688
[Timeout] Query timed out: msg id 29689
[Timeout] Query timed out: msg id 29690
[Timeout] Query timed out: msg id 29691
[Timeout] Query timed out: msg id 29692
[Timeout] Query timed out: msg id 29693
[Timeout] Query timed out: msg id 29694
[Timeout] Query timed out: msg id 29695
[Timeout] Query timed out: msg id 29696
[Timeout] Query timed out: msg id 29697
[Timeout] Query timed out: msg id 29698
[Timeout] Query timed out: msg id 29699
[Timeout] Query timed out: msg id 29839
[Timeout] Query timed out: msg id 29840
[Timeout] Query timed out: msg id 29841
[Timeout] Query timed out: msg id 29842
[Timeout] Query timed out: msg id 29843
[Timeout] Query timed out: msg id 29844
[Timeout] Query timed out: msg id 29845
[Timeout] Query timed out: msg id 29846
[Timeout] Query timed out: msg id 29847
[Timeout] Query timed out: msg id 29848
[Timeout] Query timed out: msg id 29849
[Timeout] Query timed out: msg id 28002
[Timeout] Query timed out: msg id 29850
[Timeout] Query timed out: msg id 29851
[Timeout] Query timed out: msg id 29852
[Timeout] Query timed out: msg id 29853
[Timeout] Query timed out: msg id 29854
[Timeout] Query timed out: msg id 29855
[Timeout] Query timed out: msg id 28488
[Timeout] Query timed out: msg id 28489
[Timeout] Query timed out: msg id 30335
[Timeout] Query timed out: msg id 28490
[Timeout] Query timed out: msg id 30336
[Timeout] Query timed out: msg id 30337
[Timeout] Query timed out: msg id 28546
[Timeout] Query timed out: msg id 30338
[Timeout] Query timed out: msg id 30339
[Timeout] Query timed out: msg id 28547
[Timeout] Query timed out: msg id 28548
[Timeout] Query timed out: msg id 28549
[Timeout] Query timed out: msg id 28491
[Timeout] Query timed out: msg id 31270
[Timeout] Query timed out: msg id 31271
[Timeout] Query timed out: msg id 31272
[Timeout] Query timed out: msg id 31273
[Timeout] Query timed out: msg id 31274
[Timeout] Query timed out: msg id 31275
[Timeout] Query timed out: msg id 31276
[Timeout] Query timed out: msg id 31277
[Timeout] Query timed out: msg id 31278
[Timeout] Query timed out: msg id 31279
[Timeout] Query timed out: msg id 31280
[Timeout] Query timed out: msg id 31281
[Timeout] Query timed out: msg id 31282
[Timeout] Query timed out: msg id 31283
[Timeout] Query timed out: msg id 31284
[Timeout] Query timed out: msg id 31285
[Timeout] Query timed out: msg id 31286
[Timeout] Query timed out: msg id 31448
[Timeout] Query timed out: msg id 31449
[Timeout] Query timed out: msg id 31450
[Timeout] Query timed out: msg id 31451
[Timeout] Query timed out: msg id 31452
[Timeout] Query timed out: msg id 31453
[Timeout] Query timed out: msg id 31823
[Timeout] Query timed out: msg id 32332
[Timeout] Query timed out: msg id 32333
[Timeout] Query timed out: msg id 32334
[Timeout] Query timed out: msg id 32335
[Timeout] Query timed out: msg id 32336
[Timeout] Query timed out: msg id 32337
[Timeout] Query timed out: msg id 32338
[Timeout] Query timed out: msg id 32339
[Timeout] Query timed out: msg id 32340
[Timeout] Query timed out: msg id 32341
[Timeout] Query timed out: msg id 32342
[Timeout] Query timed out: msg id 32343
[Timeout] Query timed out: msg id 32344
[Timeout] Query timed out: msg id 32345
[Timeout] Query timed out: msg id 32346
[Timeout] Query timed out: msg id 32347
[Timeout] Query timed out: msg id 32348
[Timeout] Query timed out: msg id 32349
[Timeout] Query timed out: msg id 33398
[Timeout] Query timed out: msg id 33399
[Timeout] Query timed out: msg id 33400
[Timeout] Query timed out: msg id 33401
[Timeout] Query timed out: msg id 33402
[Timeout] Query timed out: msg id 33403
[Timeout] Query timed out: msg id 33404
[Timeout] Query timed out: msg id 33536
[Timeout] Query timed out: msg id 31715
[Timeout] Query timed out: msg id 33537
[Timeout] Query timed out: msg id 33538
[Timeout] Query timed out: msg id 31716
[Timeout] Query timed out: msg id 31717
[Timeout] Query timed out: msg id 31718
[Timeout] Query timed out: msg id 33539
[Timeout] Query timed out: msg id 33540
[Timeout] Query timed out: msg id 31719
[Timeout] Query timed out: msg id 31720
[Timeout] Query timed out: msg id 33541
[Timeout] Query timed out: msg id 33942
[Timeout] Query timed out: msg id 33943
[Timeout] Query timed out: msg id 33944
[Timeout] Query timed out: msg id 33945
[Timeout] Query timed out: msg id 33946
[Timeout] Query timed out: msg id 33947
[Timeout] Query timed out: msg id 33948
[Timeout] Query timed out: msg id 33949
[Timeout] Query timed out: msg id 33950
[Timeout] Query timed out: msg id 33951
[Timeout] Query timed out: msg id 33952
[Timeout] Query timed out: msg id 33953
[Timeout] Query timed out: msg id 33954
[Timeout] Query timed out: msg id 33955
[Timeout] Query timed out: msg id 33956
[Timeout] Query timed out: msg id 33957
[Timeout] Query timed out: msg id 33958
[Timeout] Query timed out: msg id 33959
[Timeout] Query timed out: msg id 33960
[Timeout] Query timed out: msg id 34584
[Timeout] Query timed out: msg id 35397
[Timeout] Query timed out: msg id 35421
[Timeout] Query timed out: msg id 35422
[Timeout] Query timed out: msg id 35423
[Timeout] Query timed out: msg id 35424
[Timeout] Query timed out: msg id 35425
[Timeout] Query timed out: msg id 35577
[Timeout] Query timed out: msg id 35578
[Timeout] Query timed out: msg id 33727
[Timeout] Query timed out: msg id 35579
[Timeout] Query timed out: msg id 33728
[Timeout] Query timed out: msg id 33729
[Timeout] Query timed out: msg id 33730
[Timeout] Query timed out: msg id 37187
[Timeout] Query timed out: msg id 37188
[Timeout] Query timed out: msg id 37189
[Timeout] Query timed out: msg id 37190
[Timeout] Query timed out: msg id 38821
[Timeout] Query timed out: msg id 38822
[Timeout] Query timed out: msg id 37090
[Timeout] Query timed out: msg id 37091
[Timeout] Query timed out: msg id 38823
[Timeout] Query timed out: msg id 38824
[Timeout] Query timed out: msg id 38825
[Timeout] Query timed out: msg id 39027
[Timeout] Query timed out: msg id 39364
[Timeout] Query timed out: msg id 39365
[Timeout] Query timed out: msg id 39366
[Timeout] Query timed out: msg id 39367
[Timeout] Query timed out: msg id 39368
[Timeout] Query timed out: msg id 39369
[Timeout] Query timed out: msg id 39370
[Timeout] Query timed out: msg id 39371
[Timeout] Query timed out: msg id 39372
[Timeout] Query timed out: msg id 39373
[Timeout] Query timed out: msg id 39374
[Timeout] Query timed out: msg id 39710
[Timeout] Query timed out: msg id 39711
[Timeout] Query timed out: msg id 39712
[Timeout] Query timed out: msg id 39713
[Timeout] Query timed out: msg id 39714
[Timeout] Query timed out: msg id 39715
[Timeout] Query timed out: msg id 39716
[Timeout] Query timed out: msg id 39717
[Timeout] Query timed out: msg id 40234
[Timeout] Query timed out: msg id 40235
[Timeout] Query timed out: msg id 40236
[Timeout] Query timed out: msg id 40237
[Timeout] Query timed out: msg id 40238
[Timeout] Query timed out: msg id 40239
[Timeout] Query timed out: msg id 40754
[Timeout] Query timed out: msg id 40755
[Timeout] Query timed out: msg id 40756
[Timeout] Query timed out: msg id 40757
[Timeout] Query timed out: msg id 40758
[Timeout] Query timed out: msg id 40759
[Timeout] Query timed out: msg id 40760
[Timeout] Query timed out: msg id 40761
[Timeout] Query timed out: msg id 40762
[Timeout] Query timed out: msg id 40763
[Timeout] Query timed out: msg id 40764
[Timeout] Query timed out: msg id 40871
[Timeout] Query timed out: msg id 39105
[Timeout] Query timed out: msg id 40872
[Timeout] Query timed out: msg id 39106
[Timeout] Query timed out: msg id 39107
[Timeout] Query timed out: msg id 40873
[Timeout] Query timed out: msg id 40874
[Timeout] Query timed out: msg id 39108
[Timeout] Query timed out: msg id 40875
[Timeout] Query timed out: msg id 40876
[Timeout] Query timed out: msg id 40877
[Timeout] Query timed out: msg id 40878
[Timeout] Query timed out: msg id 40879
[Timeout] Query timed out: msg id 40880
[Timeout] Query timed out: msg id 39110
[Timeout] Query timed out: msg id 40881
[Timeout] Query timed out: msg id 39111
[Timeout] Query timed out: msg id 40882
[Timeout] Query timed out: msg id 41267
[Timeout] Query timed out: msg id 41268
[Timeout] Query timed out: msg id 41742
[Timeout] Query timed out: msg id 41743
[Timeout] Query timed out: msg id 41744
[Timeout] Query timed out: msg id 41745
[Timeout] Query timed out: msg id 41746
[Timeout] Query timed out: msg id 41747
[Timeout] Query timed out: msg id 41748
[Timeout] Query timed out: msg id 41749
[Timeout] Query timed out: msg id 41750
[Timeout] Query timed out: msg id 41751
[Timeout] Query timed out: msg id 41752
[Timeout] Query timed out: msg id 41753
[Timeout] Query timed out: msg id 41754
[Timeout] Query timed out: msg id 41755
[Timeout] Query timed out: msg id 41756
[Timeout] Query timed out: msg id 41757
[Timeout] Query timed out: msg id 42276
[Timeout] Query timed out: msg id 42277
[Timeout] Query timed out: msg id 42278
[Timeout] Query timed out: msg id 42279
[Timeout] Query timed out: msg id 42280
[Timeout] Query timed out: msg id 42281
[Timeout] Query timed out: msg id 42282
[Timeout] Query timed out: msg id 42283
[Timeout] Query timed out: msg id 42284
[Timeout] Query timed out: msg id 42285
[Timeout] Query timed out: msg id 42286
[Timeout] Query timed out: msg id 42287
[Timeout] Query timed out: msg id 42288
[Timeout] Query timed out: msg id 42289
[Timeout] Query timed out: msg id 42290
[Timeout] Query timed out: msg id 42291
[Timeout] Query timed out: msg id 42778
[Timeout] Query timed out: msg id 42779
[Timeout] Query timed out: msg id 42780
[Timeout] Query timed out: msg id 42781
[Timeout] Query timed out: msg id 42782
[Timeout] Query timed out: msg id 42783
[Timeout] Query timed out: msg id 42784
[Timeout] Query timed out: msg id 42785
[Timeout] Query timed out: msg id 42786
[Timeout] Query timed out: msg id 42787
[Timeout] Query timed out: msg id 44417
[Timeout] Query timed out: msg id 44418
[Timeout] Query timed out: msg id 44419
[Timeout] Query timed out: msg id 44420
[Timeout] Query timed out: msg id 44421
[Timeout] Query timed out: msg id 44422
[Timeout] Query timed out: msg id 44423
[Timeout] Query timed out: msg id 44424
[Timeout] Query timed out: msg id 44425
[Timeout] Query timed out: msg id 44426
[Timeout] Query timed out: msg id 44427
[Timeout] Query timed out: msg id 44428
[Timeout] Query timed out: msg id 44429
[Timeout] Query timed out: msg id 44430
[Timeout] Query timed out: msg id 44431
[Timeout] Query timed out: msg id 44432
[Timeout] Query timed out: msg id 44433
[Timeout] Query timed out: msg id 44434
[Timeout] Query timed out: msg id 44895
[Timeout] Query timed out: msg id 44896
[Timeout] Query timed out: msg id 44897
[Timeout] Query timed out: msg id 44898
[Timeout] Query timed out: msg id 44899
[Timeout] Query timed out: msg id 44900
[Timeout] Query timed out: msg id 44901
[Timeout] Query timed out: msg id 44902
[Timeout] Query timed out: msg id 44903
[Timeout] Query timed out: msg id 44925
[Timeout] Query timed out: msg id 44926
[Timeout] Query timed out: msg id 43101
[Timeout] Query timed out: msg id 43102
[Timeout] Query timed out: msg id 44927
[Timeout] Query timed out: msg id 44928
[Timeout] Query timed out: msg id 44929
[Timeout] Query timed out: msg id 44930
[Timeout] Query timed out: msg id 44931
[Timeout] Query timed out: msg id 44932
[Timeout] Query timed out: msg id 44933
[Timeout] Query timed out: msg id 44934
[Timeout] Query timed out: msg id 45459
[Timeout] Query timed out: msg id 45460
[Timeout] Query timed out: msg id 45461
[Timeout] Query timed out: msg id 45462
[Timeout] Query timed out: msg id 45463
[Timeout] Query timed out: msg id 45570
[Timeout] Query timed out: msg id 45571
[Timeout] Query timed out: msg id 45572
[Timeout] Query timed out: msg id 45931
[Timeout] Query timed out: msg id 45932
[Timeout] Query timed out: msg id 45933
[Timeout] Query timed out: msg id 45934
[Timeout] Query timed out: msg id 45935
[Timeout] Query timed out: msg id 45936
[Timeout] Query timed out: msg id 45937
[Timeout] Query timed out: msg id 45938
[Timeout] Query timed out: msg id 45939
[Timeout] Query timed out: msg id 45940
[Timeout] Query timed out: msg id 45941
[Timeout] Query timed out: msg id 45942
[Timeout] Query timed out: msg id 45943
[Timeout] Query timed out: msg id 45944
[Timeout] Query timed out: msg id 45945
[Timeout] Query timed out: msg id 45946
[Timeout] Query timed out: msg id 45947
[Timeout] Query timed out: msg id 45948
[Timeout] Query timed out: msg id 45949
[Timeout] Query timed out: msg id 45950
[Timeout] Query timed out: msg id 45951
[Timeout] Query timed out: msg id 46445
[Timeout] Query timed out: msg id 46446
[Timeout] Query timed out: msg id 46447
[Timeout] Query timed out: msg id 47514
[Timeout] Query timed out: msg id 47515
[Timeout] Query timed out: msg id 47516
[Timeout] Query timed out: msg id 49264
[Timeout] Query timed out: msg id 49598
[Timeout] Query timed out: msg id 49599
[Timeout] Query timed out: msg id 49600
[Timeout] Query timed out: msg id 49603
[Timeout] Query timed out: msg id 49604
[Timeout] Query timed out: msg id 49605
[Timeout] Query timed out: msg id 50090
[Timeout] Query timed out: msg id 50091
[Timeout] Query timed out: msg id 50092
[Timeout] Query timed out: msg id 50093
[Timeout] Query timed out: msg id 50094
[Timeout] Query timed out: msg id 50095
[Timeout] Query timed out: msg id 50096
[Timeout] Query timed out: msg id 50097
[Timeout] Query timed out: msg id 50098
[Timeout] Query timed out: msg id 50099
[Timeout] Query timed out: msg id 50100
[Timeout] Query timed out: msg id 50101
[Timeout] Query timed out: msg id 50102
[Timeout] Query timed out: msg id 50103
[Timeout] Query timed out: msg id 50104
[Timeout] Query timed out: msg id 54329
[Timeout] Query timed out: msg id 54330
[Timeout] Query timed out: msg id 54331
[Timeout] Query timed out: msg id 54332
[Timeout] Query timed out: msg id 54333
[Timeout] Query timed out: msg id 55008
[Timeout] Query timed out: msg id 55358
[Timeout] Query timed out: msg id 55359
[Timeout] Query timed out: msg id 55360
[Timeout] Query timed out: msg id 55361
[Timeout] Query timed out: msg id 55362
[Timeout] Query timed out: msg id 55363
[Timeout] Query timed out: msg id 55364
[Timeout] Query timed out: msg id 55365
[Timeout] Query timed out: msg id 55366
[Timeout] Query timed out: msg id 56800
[Timeout] Query timed out: msg id 57092
[Timeout] Query timed out: msg id 55283
[Timeout] Query timed out: msg id 57093
[Timeout] Query timed out: msg id 57094
[Timeout] Query timed out: msg id 57095
[Timeout] Query timed out: msg id 57096
[Timeout] Query timed out: msg id 57097
[Timeout] Query timed out: msg id 57098
[Timeout] Query timed out: msg id 57099
[Timeout] Query timed out: msg id 57100
[Timeout] Query timed out: msg id 57101
[Timeout] Query timed out: msg id 57102
[Timeout] Query timed out: msg id 57103
[Timeout] Query timed out: msg id 57104
[Timeout] Query timed out: msg id 57105
[Timeout] Query timed out: msg id 57106
[Timeout] Query timed out: msg id 57107
[Timeout] Query timed out: msg id 57108
[Timeout] Query timed out: msg id 57109
[Timeout] Query timed out: msg id 58138
[Timeout] Query timed out: msg id 59042
[Timeout] Query timed out: msg id 59043
[Timeout] Query timed out: msg id 59044
[Timeout] Query timed out: msg id 59045
[Timeout] Query timed out: msg id 59046
[Timeout] Query timed out: msg id 59047
[Timeout] Query timed out: msg id 59048
[Timeout] Query timed out: msg id 59049
[Timeout] Query timed out: msg id 59050
[Timeout] Query timed out: msg id 59051
[Timeout] Query timed out: msg id 59052
[Timeout] Query timed out: msg id 59053
[Timeout] Query timed out: msg id 59054
[Timeout] Query timed out: msg id 59055
[Timeout] Query timed out: msg id 59056
[Timeout] Query timed out: msg id 59057
[Timeout] Query timed out: msg id 59058
[Timeout] Query timed out: msg id 59059
[Timeout] Query timed out: msg id 61648
[Timeout] Query timed out: msg id 61649
[Timeout] Query timed out: msg id 61650
[Timeout] Query timed out: msg id 61651
[Timeout] Query timed out: msg id 61652
[Timeout] Query timed out: msg id 61653
[Timeout] Query timed out: msg id 61654
[Timeout] Query timed out: msg id 61655
[Timeout] Query timed out: msg id 61656
[Timeout] Query timed out: msg id 61657
[Timeout] Query timed out: msg id 61658
[Timeout] Query timed out: msg id 61659
[Timeout] Query timed out: msg id 61660
[Timeout] Query timed out: msg id 61661
[Timeout] Query timed out: msg id 61662
[Timeout] Query timed out: msg id 61663
[Timeout] Query timed out: msg id 61791
[Timeout] Query timed out: msg id 61792
[Timeout] Query timed out: msg id 61793
[Timeout] Query timed out: msg id 61794
[Timeout] Query timed out: msg id 61795
[Timeout] Query timed out: msg id 61796
[Timeout] Query timed out: msg id 61802
[Timeout] Query timed out: msg id 61803
[Timeout] Query timed out: msg id 61804
[Timeout] Query timed out: msg id 61805
[Timeout] Query timed out: msg id 62338
[Timeout] Query timed out: msg id 1848
[Timeout] Query timed out: msg id 1849
[Timeout] Query timed out: msg id 65510
[Timeout] Query timed out: msg id 1850
[Timeout] Query timed out: msg id 1851
[Timeout] Query timed out: msg id 1852
[Timeout] Query timed out: msg id 1853
[Timeout] Query timed out: msg id 1854
[Timeout] Query timed out: msg id 1855
[Timeout] Query timed out: msg id 1856
[Timeout] Query timed out: msg id 1857
[Timeout] Query timed out: msg id 1858
[Timeout] Query timed out: msg id 1859
[Timeout] Query timed out: msg id 1860
[Timeout] Query timed out: msg id 1861
[Timeout] Query timed out: msg id 1862
[Timeout] Query timed out: msg id 4808
[Timeout] Query timed out: msg id 4809
[Timeout] Query timed out: msg id 6954
[Timeout] Query timed out: msg id 6955
[Timeout] Query timed out: msg id 6958
[Timeout] Query timed out: msg id 7539
[Timeout] Query timed out: msg id 8246
[Timeout] Query timed out: msg id 8247
[Timeout] Query timed out: msg id 8248
[Timeout] Query timed out: msg id 8249
[Timeout] Query timed out: msg id 9827
[Timeout] Query timed out: msg id 9828
[Timeout] Query timed out: msg id 9829
[Timeout] Query timed out: msg id 9830
[Timeout] Query timed out: msg id 9831
[Timeout] Query timed out: msg id 9832
[Timeout] Query timed out: msg id 9833
[Timeout] Query timed out: msg id 9834
[Timeout] Query timed out: msg id 9835
[Timeout] Query timed out: msg id 9836
[Timeout] Query timed out: msg id 9837
[Timeout] Query timed out: msg id 9838
[Timeout] Query timed out: msg id 9839
[Timeout] Query timed out: msg id 9840
[Timeout] Query timed out: msg id 9841
[Timeout] Query timed out: msg id 9842
[Timeout] Query timed out: msg id 13077
[Timeout] Query timed out: msg id 13078
[Timeout] Query timed out: msg id 13079
[Timeout] Query timed out: msg id 13080
[Timeout] Query timed out: msg id 13081
[Timeout] Query timed out: msg id 11213
[Timeout] Query timed out: msg id 15756
[Timeout] Query timed out: msg id 15784
[Timeout] Query timed out: msg id 15785
[Timeout] Query timed out: msg id 17707
[Timeout] Query timed out: msg id 17708
[Timeout] Query timed out: msg id 17709
[Timeout] Query timed out: msg id 17710
[Timeout] Query timed out: msg id 17711
[Timeout] Query timed out: msg id 17712
[Timeout] Query timed out: msg id 17713
[Timeout] Query timed out: msg id 17714
[Timeout] Query timed out: msg id 17715
[Timeout] Query timed out: msg id 17716
[Timeout] Query timed out: msg id 17717
[Timeout] Query timed out: msg id 17718
[Timeout] Query timed out: msg id 17719
[Timeout] Query timed out: msg id 16448
[Timeout] Query timed out: msg id 16449
[Timeout] Query timed out: msg id 16450
[Timeout] Query timed out: msg id 16437
[Timeout] Query timed out: msg id 18299
[Timeout] Query timed out: msg id 16451
[Timeout] Query timed out: msg id 18300
[Timeout] Query timed out: msg id 18301
[Timeout] Query timed out: msg id 16452
[Timeout] Query timed out: msg id 16453
[Timeout] Query timed out: msg id 18302
[Timeout] Query timed out: msg id 19326
[Timeout] Query timed out: msg id 19327
[Timeout] Query timed out: msg id 17934
[Timeout] Query timed out: msg id 19785
[Timeout] Query timed out: msg id 19786
[Timeout] Query timed out: msg id 19787
[Timeout] Query timed out: msg id 19788
[Timeout] Query timed out: msg id 19789
[Timeout] Query timed out: msg id 19790
[Timeout] Query timed out: msg id 19791
[Timeout] Query timed out: msg id 19792
[Timeout] Query timed out: msg id 19793
[Timeout] Query timed out: msg id 19794
[Timeout] Query timed out: msg id 19795
[Timeout] Query timed out: msg id 19796
[Timeout] Query timed out: msg id 20789
[Timeout] Query timed out: msg id 20790
[Timeout] Query timed out: msg id 20791
[Timeout] Query timed out: msg id 20792
[Timeout] Query timed out: msg id 20793
[Timeout] Query timed out: msg id 20794
[Timeout] Query timed out: msg id 20795
[Timeout] Query timed out: msg id 20796
[Timeout] Query timed out: msg id 20797
[Timeout] Query timed out: msg id 20798
[Timeout] Query timed out: msg id 20799
[Timeout] Query timed out: msg id 20800
[Timeout] Query timed out: msg id 21378
[Timeout] Query timed out: msg id 21384
[Timeout] Query timed out: msg id 21396
[Timeout] Query timed out: msg id 21398
[Timeout] Query timed out: msg id 21401
[Timeout] Query timed out: msg id 24445
[Timeout] Query timed out: msg id 24446
[Timeout] Query timed out: msg id 24447
[Timeout] Query timed out: msg id 24448
[Timeout] Query timed out: msg id 24449
[Timeout] Query timed out: msg id 24450
[Timeout] Query timed out: msg id 24463
[Timeout] Query timed out: msg id 24464
[Timeout] Query timed out: msg id 24465
[Timeout] Query timed out: msg id 24451
[Timeout] Query timed out: msg id 24452
[Timeout] Query timed out: msg id 24453
[Timeout] Query timed out: msg id 24454
[Timeout] Query timed out: msg id 24455
[Timeout] Query timed out: msg id 27113
[Timeout] Query timed out: msg id 27114
[Timeout] Query timed out: msg id 27115
[Timeout] Query timed out: msg id 27116
[Timeout] Query timed out: msg id 27117
[Timeout] Query timed out: msg id 27118
[Timeout] Query timed out: msg id 27119
[Timeout] Query timed out: msg id 27120
[Timeout] Query timed out: msg id 27121
[Timeout] Query timed out: msg id 27122
[Timeout] Query timed out: msg id 27123
[Timeout] Query timed out: msg id 27124
[Timeout] Query timed out: msg id 27125
[Timeout] Query timed out: msg id 27126
[Timeout] Query timed out: msg id 27127
[Timeout] Query timed out: msg id 27128
[Timeout] Query timed out: msg id 27129
[Timeout] Query timed out: msg id 27130
[Timeout] Query timed out: msg id 27131
[Timeout] Query timed out: msg id 27245
[Timeout] Query timed out: msg id 27246
[Timeout] Query timed out: msg id 27247
[Timeout] Query timed out: msg id 29713
[Timeout] Query timed out: msg id 29714
[Timeout] Query timed out: msg id 29715
[Timeout] Query timed out: msg id 35996
[Timeout] Query timed out: msg id 35997
[Timeout] Query timed out: msg id 35998
[Timeout] Query timed out: msg id 35999
[Timeout] Query timed out: msg id 36000
[Timeout] Query timed out: msg id 36001
[Timeout] Query timed out: msg id 36002
[Timeout] Query timed out: msg id 40790
[Timeout] Query timed out: msg id 40791
[Timeout] Query timed out: msg id 40792
[Timeout] Query timed out: msg id 48625
[Timeout] Query timed out: msg id 48626
[Timeout] Query timed out: msg id 48627
[Timeout] Query timed out: msg id 48628
[Timeout] Query timed out: msg id 48629
[Timeout] Query timed out: msg id 48630
[Timeout] Query timed out: msg id 48631
[Timeout] Query timed out: msg id 48632
[Timeout] Query timed out: msg id 48633
[Timeout] Query timed out: msg id 48634
[Timeout] Query timed out: msg id 48635
[Timeout] Query timed out: msg id 46933
[Timeout] Query timed out: msg id 48728
[Timeout] Query timed out: msg id 46934
[Timeout] Query timed out: msg id 46935
[Timeout] Query timed out: msg id 48729
[Timeout] Query timed out: msg id 48730
[Timeout] Query timed out: msg id 48731
[Timeout] Query timed out: msg id 48732
[Timeout] Query timed out: msg id 46936
[Timeout] Query timed out: msg id 48733
[Timeout] Query timed out: msg id 48734
[Timeout] Query timed out: msg id 46937
[Timeout] Query timed out: msg id 46938
[Timeout] Query timed out: msg id 46939
[Timeout] Query timed out: msg id 47402
[Timeout] Query timed out: msg id 47403
[Timeout] Query timed out: msg id 49609
[Timeout] Query timed out: msg id 49610
[Timeout] Query timed out: msg id 50374
[Timeout] Query timed out: msg id 61646
[Timeout] Query timed out: msg id 62207
[Timeout] Query timed out: msg id 62208
[Timeout] Query timed out: msg id 62209
[Timeout] Query timed out: msg id 62210
[Timeout] Query timed out: msg id 62211
[Timeout] Query timed out: msg id 62212
[Timeout] Query timed out: msg id 62213
[Timeout] Query timed out: msg id 62214
[Timeout] Query timed out: msg id 62215
[Timeout] Query timed out: msg id 62216
[Timeout] Query timed out: msg id 62217
[Timeout] Query timed out: msg id 62218
[Timeout] Query timed out: msg id 1300
[Timeout] Query timed out: msg id 1846
[Timeout] Query timed out: msg id 1847
[Timeout] Query timed out: msg id 1863
[Timeout] Query timed out: msg id 1864
[Timeout] Query timed out: msg id 1865
[Timeout] Query timed out: msg id 1866
[Timeout] Query timed out: msg id 1787
[Timeout] Query timed out: msg id 1788
[Timeout] Query timed out: msg id 3657
[Timeout] Query timed out: msg id 3658
[Timeout] Query timed out: msg id 4630
[Timeout] Query timed out: msg id 4631
[Timeout] Query timed out: msg id 4632
[Timeout] Query timed out: msg id 4633
[Timeout] Query timed out: msg id 4634
[Timeout] Query timed out: msg id 4635
[Timeout] Query timed out: msg id 4636
[Timeout] Query timed out: msg id 4637
[Timeout] Query timed out: msg id 4638
[Timeout] Query timed out: msg id 5199
[Timeout] Query timed out: msg id 5200
[Timeout] Query timed out: msg id 5201
[Timeout] Query timed out: msg id 5202
[Timeout] Query timed out: msg id 5203
[Timeout] Query timed out: msg id 5204
[Timeout] Query timed out: msg id 5205
[Timeout] Query timed out: msg id 5206
[Timeout] Query timed out: msg id 5207
[Timeout] Query timed out: msg id 5208
[Timeout] Query timed out: msg id 5209
[Timeout] Query timed out: msg id 5210
[Timeout] Query timed out: msg id 5217
[Timeout] Query timed out: msg id 5218
[Timeout] Query timed out: msg id 5219
[Timeout] Query timed out: msg id 5220
[Timeout] Query timed out: msg id 5221
[Timeout] Query timed out: msg id 5222
[Timeout] Query timed out: msg id 7192
[Timeout] Query timed out: msg id 7193
[Timeout] Query timed out: msg id 7194
[Timeout] Query timed out: msg id 7195
[Timeout] Query timed out: msg id 7196
[Timeout] Query timed out: msg id 7197
[Timeout] Query timed out: msg id 7198
[Timeout] Query timed out: msg id 7199
[Timeout] Query timed out: msg id 7200
[Timeout] Query timed out: msg id 7201
[Timeout] Query timed out: msg id 7202
[Timeout] Query timed out: msg id 7203
[Timeout] Query timed out: msg id 7204
[Timeout] Query timed out: msg id 7205
[Timeout] Query timed out: msg id 7206
[Timeout] Query timed out: msg id 7207
[Timeout] Query timed out: msg id 7208
[Timeout] Query timed out: msg id 7209
[Timeout] Query timed out: msg id 7210
[Timeout] Query timed out: msg id 7856
[Timeout] Query timed out: msg id 7857
[Timeout] Query timed out: msg id 6001
[Timeout] Query timed out: msg id 6002
[Timeout] Query timed out: msg id 7949
[Timeout] Query timed out: msg id 8252
[Timeout] Query timed out: msg id 8253
[Timeout] Query timed out: msg id 8254
[Timeout] Query timed out: msg id 8255
[Timeout] Query timed out: msg id 8425
[Timeout] Query timed out: msg id 8426
[Timeout] Query timed out: msg id 8916
[Timeout] Query timed out: msg id 8917
[Timeout] Query timed out: msg id 8918
[Timeout] Query timed out: msg id 8919
[Timeout] Query timed out: msg id 8920
[Timeout] Query timed out: msg id 8921
[Timeout] Query timed out: msg id 8922
[Timeout] Query timed out: msg id 8923
[Timeout] Query timed out: msg id 8924
[Timeout] Query timed out: msg id 8925
[Timeout] Query timed out: msg id 8926
[Timeout] Query timed out: msg id 9313
[Timeout] Query timed out: msg id 9314
[Timeout] Query timed out: msg id 9315
[Timeout] Query timed out: msg id 10290
[Timeout] Query timed out: msg id 10291
[Timeout] Query timed out: msg id 12466
[Timeout] Query timed out: msg id 12470
[Timeout] Query timed out: msg id 15676
[Timeout] Query timed out: msg id 15677
[Timeout] Query timed out: msg id 17174
[Timeout] Query timed out: msg id 17175
[Timeout] Query timed out: msg id 20318
[Timeout] Query timed out: msg id 20319
[Timeout] Query timed out: msg id 20320
[Timeout] Query timed out: msg id 20321
[Timeout] Query timed out: msg id 20322
[Timeout] Query timed out: msg id 20323
[Timeout] Query timed out: msg id 20324
[Timeout] Query timed out: msg id 20325
[Timeout] Query timed out: msg id 20326
[Timeout] Query timed out: msg id 20809
[Timeout] Query timed out: msg id 20810
[Timeout] Query timed out: msg id 20811
[Timeout] Query timed out: msg id 20812
[Timeout] Query timed out: msg id 20813
[Timeout] Query timed out: msg id 20814
[Timeout] Query timed out: msg id 20815
[Timeout] Query timed out: msg id 20816
[Timeout] Query timed out: msg id 20817
[Timeout] Query timed out: msg id 20818
[Timeout] Query timed out: msg id 20819
[Timeout] Query timed out: msg id 20820
[Timeout] Query timed out: msg id 20821
[Timeout] Query timed out: msg id 20822
[Timeout] Query timed out: msg id 20823
[Timeout] Query timed out: msg id 20833
[Timeout] Query timed out: msg id 21289
[Timeout] Query timed out: msg id 21290
[Timeout] Query timed out: msg id 21291
[Timeout] Query timed out: msg id 21292
[Timeout] Query timed out: msg id 21293
[Timeout] Query timed out: msg id 21294
[Timeout] Query timed out: msg id 21295
[Timeout] Query timed out: msg id 21296
[Timeout] Query timed out: msg id 21297
[Timeout] Query timed out: msg id 21298
[Timeout] Query timed out: msg id 21299
[Timeout] Query timed out: msg id 21760
[Timeout] Query timed out: msg id 21761
[Timeout] Query timed out: msg id 21762
[Timeout] Query timed out: msg id 21763
[Timeout] Query timed out: msg id 21841
[Timeout] Query timed out: msg id 21842
[Timeout] Query timed out: msg id 21843
[Timeout] Query timed out: msg id 21844
[Timeout] Query timed out: msg id 21845
[Timeout] Query timed out: msg id 21846
[Timeout] Query timed out: msg id 23452
[Timeout] Query timed out: msg id 23453
[Timeout] Query timed out: msg id 23454
[Timeout] Query timed out: msg id 23455
[Timeout] Query timed out: msg id 23456
[Timeout] Query timed out: msg id 23457
[Timeout] Query timed out: msg id 23458
[Timeout] Query timed out: msg id 23459
[Timeout] Query timed out: msg id 23460
[Timeout] Query timed out: msg id 23461
[Timeout] Query timed out: msg id 23462
[Timeout] Query timed out: msg id 23463
[Timeout] Query timed out: msg id 23971
[Timeout] Query timed out: msg id 23972
[Timeout] Query timed out: msg id 23973
[Timeout] Query timed out: msg id 22264
[Timeout] Query timed out: msg id 24113
[Timeout] Query timed out: msg id 24114
[Timeout] Query timed out: msg id 22265
[Timeout] Query timed out: msg id 24190
[Timeout] Query timed out: msg id 24191
[Timeout] Query timed out: msg id 24192
[Timeout] Query timed out: msg id 36682
[Timeout] Query timed out: msg id 37083
[Timeout] Query timed out: msg id 40559
[Timeout] Query timed out: msg id 40560
[Timeout] Query timed out: msg id 40672
[Timeout] Query timed out: msg id 40673
[Timeout] Query timed out: msg id 43067
[Timeout] Query timed out: msg id 43068
[Timeout] Query timed out: msg id 43069
[Timeout] Query timed out: msg id 43920
[Timeout] Query timed out: msg id 43921
[Timeout] Query timed out: msg id 43922
[Timeout] Query timed out: msg id 43923
[Timeout] Query timed out: msg id 43924
[Timeout] Query timed out: msg id 43925
[Timeout] Query timed out: msg id 43926
[Timeout] Query timed out: msg id 45803
[Timeout] Query timed out: msg id 46646
[Timeout] Query timed out: msg id 46647
[Timeout] Query timed out: msg id 44813
[Timeout] Query timed out: msg id 46648
[Timeout] Query timed out: msg id 46649
[Timeout] Query timed out: msg id 44814
[Timeout] Query timed out: msg id 44815
[Timeout] Query timed out: msg id 44816
[Timeout] Query timed out: msg id 44860
[Timeout] Query timed out: msg id 48610
[Timeout] Query timed out: msg id 48611
[Timeout] Query timed out: msg id 48612
[Timeout] Query timed out: msg id 48613
[Timeout] Query timed out: msg id 48614
[Timeout] Query timed out: msg id 48615
[Timeout] Query timed out: msg id 48616
[Timeout] Query timed out: msg id 48617
[Timeout] Query timed out: msg id 48618
[Timeout] Query timed out: msg id 48619
[Timeout] Query timed out: msg id 48620
[Timeout] Query timed out: msg id 48621
[Timeout] Query timed out: msg id 48622
[Timeout] Query timed out: msg id 48623
[Timeout] Query timed out: msg id 48624
[Timeout] Query timed out: msg id 48636
[Timeout] Query timed out: msg id 50651
[Timeout] Query timed out: msg id 50652
[Timeout] Query timed out: msg id 50653
[Timeout] Query timed out: msg id 50654
[Timeout] Query timed out: msg id 50655
[Timeout] Query timed out: msg id 50656
[Timeout] Query timed out: msg id 50657
[Timeout] Query timed out: msg id 50658
[Timeout] Query timed out: msg id 50659
[Timeout] Query timed out: msg id 50660
[Timeout] Query timed out: msg id 50661
[Timeout] Query timed out: msg id 50662
[Timeout] Query timed out: msg id 50663
[Timeout] Query timed out: msg id 50664
[Timeout] Query timed out: msg id 52567
[Timeout] Query timed out: msg id 53807
[Timeout] Query timed out: msg id 53808
[Timeout] Query timed out: msg id 53809
[Timeout] Query timed out: msg id 53810
[Timeout] Query timed out: msg id 53811
[Timeout] Query timed out: msg id 53812
[Timeout] Query timed out: msg id 56386
[Timeout] Query timed out: msg id 56387
[Timeout] Query timed out: msg id 56388
[Timeout] Query timed out: msg id 56389
[Timeout] Query timed out: msg id 56390
[Timeout] Query timed out: msg id 56391
[Timeout] Query timed out: msg id 56392
[Timeout] Query timed out: msg id 56393
[Timeout] Query timed out: msg id 56394
[Timeout] Query timed out: msg id 56395
[Timeout] Query timed out: msg id 56396
[Timeout] Query timed out: msg id 59039
[Timeout] Query timed out: msg id 59040
[Timeout] Query timed out: msg id 59041
[Timeout] Query timed out: msg id 59060
[Timeout] Query timed out: msg id 59061
[Timeout] Query timed out: msg id 59062
[Timeout] Query timed out: msg id 59063
[Timeout] Query timed out: msg id 59064
[Timeout] Query timed out: msg id 59065
[Timeout] Query timed out: msg id 59066
[Timeout] Query timed out: msg id 59067
[Timeout] Query timed out: msg id 59068
[Timeout] Query timed out: msg id 60462
[Timeout] Query timed out: msg id 60504
[Timeout] Query timed out: msg id 60600
[Timeout] Query timed out: msg id 60601
[Timeout] Query timed out: msg id 60603
[Timeout] Query timed out: msg id 60615
[Timeout] Query timed out: msg id 60616
[Timeout] Query timed out: msg id 62199
[Timeout] Query timed out: msg id 62200
[Timeout] Query timed out: msg id 62201
[Timeout] Query timed out: msg id 62202
[Timeout] Query timed out: msg id 62203
[Timeout] Query timed out: msg id 62204
[Timeout] Query timed out: msg id 62205
[Timeout] Query timed out: msg id 62206
[Timeout] Query timed out: msg id 62219
[Timeout] Query timed out: msg id 62220
[Timeout] Query timed out: msg id 62221
[Timeout] Query timed out: msg id 62222
[Timeout] Query timed out: msg id 62223
[Timeout] Query timed out: msg id 62224
[Timeout] Query timed out: msg id 62225
[Timeout] Query timed out: msg id 62226
[Timeout] Query timed out: msg id 62227
[Timeout] Query timed out: msg id 62228
[Timeout] Query timed out: msg id 62229
[Timeout] Query timed out: msg id 62770
[Timeout] Query timed out: msg id 62771
[Timeout] Query timed out: msg id 62772
[Timeout] Query timed out: msg id 62773
[Timeout] Query timed out: msg id 62774
[Timeout] Query timed out: msg id 62775
[Timeout] Query timed out: msg id 62776
[Timeout] Query timed out: msg id 62777
[Timeout] Query timed out: msg id 62778
[Timeout] Query timed out: msg id 62779
[Timeout] Query timed out: msg id 62780
[Timeout] Query timed out: msg id 62781
[Timeout] Query timed out: msg id 62782
[Timeout] Query timed out: msg id 62783
[Timeout] Query timed out: msg id 62784
[Timeout] Query timed out: msg id 64680
[Timeout] Query timed out: msg id 64681
[Timeout] Query timed out: msg id 6704
[Timeout] Query timed out: msg id 7240
[Timeout] Query timed out: msg id 11981
[Timeout] Query timed out: msg id 11982
[Timeout] Query timed out: msg id 11983
[Timeout] Query timed out: msg id 10133
[Timeout] Query timed out: msg id 10134
[Timeout] Query timed out: msg id 11984
[Timeout] Query timed out: msg id 11985
[Timeout] Query timed out: msg id 11986
[Timeout] Query timed out: msg id 10135
[Timeout] Query timed out: msg id 10136
[Timeout] Query timed out: msg id 11987
[Timeout] Query timed out: msg id 11988
[Timeout] Query timed out: msg id 10137
[Timeout] Query timed out: msg id 11989
[Timeout] Query timed out: msg id 11990
[Timeout] Query timed out: msg id 12463
[Timeout] Query timed out: msg id 12464
[Timeout] Query timed out: msg id 12465
[Timeout] Query timed out: msg id 12467
[Timeout] Query timed out: msg id 12468
[Timeout] Query timed out: msg id 12469
[Timeout] Query timed out: msg id 14104
[Timeout] Query timed out: msg id 14105
[Timeout] Query timed out: msg id 14106
[Timeout] Query timed out: msg id 15190
[Timeout] Query timed out: msg id 16143
[Timeout] Query timed out: msg id 17157
[Timeout] Query timed out: msg id 17158
[Timeout] Query timed out: msg id 17159
[Timeout] Query timed out: msg id 17160
[Timeout] Query timed out: msg id 17161
[Timeout] Query timed out: msg id 17162
[Timeout] Query timed out: msg id 17163
[Timeout] Query timed out: msg id 17164
[Timeout] Query timed out: msg id 17165
[Timeout] Query timed out: msg id 17170
[Timeout] Query timed out: msg id 17171
[Timeout] Query timed out: msg id 17172
[Timeout] Query timed out: msg id 17173
[Timeout] Query timed out: msg id 17176
[Timeout] Query timed out: msg id 17177
[Timeout] Query timed out: msg id 17178
[Timeout] Query timed out: msg id 18309
[Timeout] Query timed out: msg id 18310
[Timeout] Query timed out: msg id 18311
[Timeout] Query timed out: msg id 18312
[Timeout] Query timed out: msg id 18313
[Timeout] Query timed out: msg id 18314
[Timeout] Query timed out: msg id 18315
[Timeout] Query timed out: msg id 18316
[Timeout] Query timed out: msg id 18317
[Timeout] Query timed out: msg id 18318
[Timeout] Query timed out: msg id 18319
[Timeout] Query timed out: msg id 18320
[Status] Testing complete (time limit)

Statistics:

  Queries sent:         1199461
  Queries completed:    1192214 (99.40%)
  Queries lost:         7247 (0.60%)

  Response codes:       NOERROR 894165 (75.00%), NXDOMAIN 298049 (25.00%)
  Average packet size:  request 47, response 475
  Run time (s):         1200.147600
  Queries per second:   993.389480

  Average Latency (s):  0.160032 (min 0.145791, max 0.277301)
  Latency StdDev (s):   0.019504

